MODIS_Date_AYYYYDDD,date,product,band,min,max,sum,range,mean,variance,standard_deviation,tot_pixels,pixels_pass_qa,per_cent_pixels_pass_qa
A2010001,2010-01-01,MOD17A2H,PsnNet_500m,,,,,,,,124,0,0.00
A2010009,2010-01-09,MOD17A2H,PsnNet_500m,,,,,,,,124,0,0.00
A2010017,2010-01-17,MOD17A2H,PsnNet_500m,,,,,,,,124,0,0.00
A2010025,2010-01-25,MOD17A2H,PsnNet_500m,,,,,,,,124,0,0.00
A2010033,2010-02-02,MOD17A2H,PsnNet_500m,,,,,,,,124,0,0.00
A2010041,2010-02-10,MOD17A2H,PsnNet_500m,,,,,,,,124,0,0.00
A2010049,2010-02-18,MOD17A2H,PsnNet_500m,,,,,,,,124,0,0.00
A2010057,2010-02-26,MOD17A2H,PsnNet_500m,,,,,,,,124,0,0.00
A2010065,2010-03-06,MOD17A2H,PsnNet_500m,0.0000,0.0000,0.0000,0.0000,0.0000,0.0000,0.0000,124,15,12.10
A2010073,2010-03-14,MOD17A2H,PsnNet_500m,0.0000,0.0000,0.0000,0.0000,0.0000,0.0000,0.0000,124,51,41.13
A2010081,2010-03-22,MOD17A2H,PsnNet_500m,0.0000,0.0000,0.0000,0.0000,0.0000,0.0000,0.0000,124,50,40.32
A2010089,2010-03-30,MOD17A2H,PsnNet_500m,0.0000,0.0000,0.0000,0.0000,0.0000,0.0000,0.0000,124,37,29.84
A2010097,2010-04-07,MOD17A2H,PsnNet_500m,0.0001,0.0001,0.0032,0.0000,0.0001,0.0000,0.0000,124,32,25.81
A2010105,2010-04-15,MOD17A2H,PsnNet_500m,0.0007,0.0007,0.0651,0.0000,0.0007,0.0000,0.0000,124,93,75.00
A2010113,2010-04-23,MOD17A2H,PsnNet_500m,0.0025,0.0098,0.5112,0.0073,0.0041,0.0000,0.0011,124,124,100.00
A2010121,2010-05-01,MOD17A2H,PsnNet_500m,0.0035,0.0074,0.6507,0.0039,0.0052,0.0000,0.0010,124,124,100.00
A2010129,2010-05-09,MOD17A2H,PsnNet_500m,0.0043,0.0122,0.9861,0.0079,0.0080,0.0000,0.0015,124,124,100.00
A2010137,2010-05-17,MOD17A2H,PsnNet_500m,0.0045,0.0229,2.1075,0.0184,0.0170,0.0000,0.0022,124,124,100.00
A2010145,2010-05-25,MOD17A2H,PsnNet_500m,0.0261,0.0507,4.6838,0.0246,0.0378,0.0000,0.0053,124,124,100.00
A2010153,2010-06-02,MOD17A2H,PsnNet_500m,0.0272,0.0441,4.3674,0.0169,0.0352,0.0000,0.0028,124,124,100.00
A2010161,2010-06-10,MOD17A2H,PsnNet_500m,0.0307,0.0582,5.6003,0.0275,0.0452,0.0000,0.0050,124,124,100.00
A2010169,2010-06-18,MOD17A2H,PsnNet_500m,0.0299,0.0559,5.2825,0.0260,0.0426,0.0000,0.0046,124,124,100.00
A2010177,2010-06-26,MOD17A2H,PsnNet_500m,0.0036,0.0563,4.4840,0.0527,0.0368,0.0001,0.0112,124,122,98.39
A2010185,2010-07-04,MOD17A2H,PsnNet_500m,0.0323,0.0569,5.2282,0.0246,0.0422,0.0000,0.0046,124,124,100.00
A2010193,2010-07-12,MOD17A2H,PsnNet_500m,0.0035,0.0422,2.2035,0.0387,0.0200,0.0000,0.0070,124,110,88.71
A2010201,2010-07-20,MOD17A2H,PsnNet_500m,0.0109,0.0418,3.0013,0.0309,0.0242,0.0000,0.0050,124,124,100.00
A2010209,2010-07-28,MOD17A2H,PsnNet_500m,0.0261,0.0493,4.9838,0.0232,0.0402,0.0000,0.0034,124,124,100.00
A2010217,2010-08-05,MOD17A2H,PsnNet_500m,0.0073,0.0329,2.6909,0.0256,0.0217,0.0000,0.0066,124,124,100.00
A2010225,2010-08-13,MOD17A2H,PsnNet_500m,0.0194,0.0364,3.4469,0.0170,0.0278,0.0000,0.0029,124,124,100.00
A2010233,2010-08-21,MOD17A2H,PsnNet_500m,0.0021,0.0221,1.7082,0.0200,0.0141,0.0000,0.0044,124,121,97.58
A2010241,2010-08-29,MOD17A2H,PsnNet_500m,0.0041,0.0180,1.1591,0.0139,0.0093,0.0000,0.0033,124,124,100.00
A2010249,2010-09-06,MOD17A2H,PsnNet_500m,0.0077,0.0159,1.3945,0.0082,0.0112,0.0000,0.0015,124,124,100.00
A2010257,2010-09-14,MOD17A2H,PsnNet_500m,0.0030,0.0072,0.7066,0.0042,0.0057,0.0000,0.0007,124,124,100.00
A2010265,2010-09-22,MOD17A2H,PsnNet_500m,0.0001,0.0010,0.0293,0.0009,0.0002,0.0000,0.0001,124,120,96.77
A2010273,2010-09-30,MOD17A2H,PsnNet_500m,0.0002,0.0011,0.0675,0.0009,0.0006,0.0000,0.0003,124,104,83.87
A2010281,2010-10-08,MOD17A2H,PsnNet_500m,,,,,,,,124,0,0.00
A2010289,2010-10-16,MOD17A2H,PsnNet_500m,,,,,,,,124,0,0.00
A2010297,2010-10-24,MOD17A2H,PsnNet_500m,,,,,,,,124,0,0.00
A2010305,2010-11-01,MOD17A2H,PsnNet_500m,,,,,,,,124,0,0.00
A2010313,2010-11-09,MOD17A2H,PsnNet_500m,,,,,,,,124,0,0.00
A2010321,2010-11-17,MOD17A2H,PsnNet_500m,,,,,,,,124,0,0.00
A2010329,2010-11-25,MOD17A2H,PsnNet_500m,,,,,,,,124,0,0.00
A2010337,2010-12-03,MOD17A2H,PsnNet_500m,,,,,,,,124,0,0.00
A2010345,2010-12-11,MOD17A2H,PsnNet_500m,,,,,,,,124,0,0.00
A2010353,2010-12-19,MOD17A2H,PsnNet_500m,,,,,,,,124,0,0.00
A2010361,2010-12-27,MOD17A2H,PsnNet_500m,,,,,,,,124,0,0.00
A2011001,2011-01-01,MOD17A2H,PsnNet_500m,,,,,,,,124,0,0.00
A2011009,2011-01-09,MOD17A2H,PsnNet_500m,,,,,,,,124,0,0.00
A2011017,2011-01-17,MOD17A2H,PsnNet_500m,,,,,,,,124,0,0.00
A2011025,2011-01-25,MOD17A2H,PsnNet_500m,,,,,,,,124,0,0.00
A2011033,2011-02-02,MOD17A2H,PsnNet_500m,,,,,,,,124,0,0.00
A2011041,2011-02-10,MOD17A2H,PsnNet_500m,,,,,,,,124,0,0.00
A2011049,2011-02-18,MOD17A2H,PsnNet_500m,,,,,,,,124,0,0.00
A2011057,2011-02-26,MOD17A2H,PsnNet_500m,,,,,,,,124,0,0.00
A2011065,2011-03-06,MOD17A2H,PsnNet_500m,0.0000,0.0000,0.0000,0.0000,0.0000,0.0000,0.0000,124,58,46.77
A2011073,2011-03-14,MOD17A2H,PsnNet_500m,0.0000,0.0000,0.0000,0.0000,0.0000,0.0000,0.0000,124,61,49.19
A2011081,2011-03-22,MOD17A2H,PsnNet_500m,0.0000,0.0000,0.0000,0.0000,0.0000,0.0000,0.0000,124,37,29.84
A2011089,2011-03-30,MOD17A2H,PsnNet_500m,0.0000,0.0000,0.0000,0.0000,0.0000,0.0000,0.0000,124,15,12.10
A2011097,2011-04-07,MOD17A2H,PsnNet_500m,0.0000,0.0000,0.0000,0.0000,0.0000,0.0000,0.0000,124,10,8.06
A2011105,2011-04-15,MOD17A2H,PsnNet_500m,0.0000,0.0000,0.0000,0.0000,0.0000,0.0000,0.0000,124,7,5.65
A2011113,2011-04-23,MOD17A2H,PsnNet_500m,0.0001,0.0002,0.0052,0.0001,0.0001,0.0000,0.0000,124,50,40.32
A2011121,2011-05-01,MOD17A2H,PsnNet_500m,0.0003,0.0009,0.0222,0.0006,0.0004,0.0000,0.0001,124,63,50.81
A2011129,2011-05-09,MOD17A2H,PsnNet_500m,0.0005,0.0033,0.0643,0.0028,0.0007,0.0000,0.0004,124,91,73.39
A2011137,2011-05-17,MOD17A2H,PsnNet_500m,0.0066,0.0326,3.3327,0.0260,0.0269,0.0000,0.0028,124,124,100.00
A2011145,2011-05-25,MOD17A2H,PsnNet_500m,0.0184,0.0524,5.1350,0.0340,0.0414,0.0000,0.0039,124,124,100.00
A2011153,2011-06-02,MOD17A2H,PsnNet_500m,0.0135,0.0318,3.1819,0.0183,0.0257,0.0000,0.0023,124,124,100.00
A2011161,2011-06-10,MOD17A2H,PsnNet_500m,0.0111,0.0391,2.6170,0.0280,0.0211,0.0000,0.0049,124,124,100.00
A2011169,2011-06-18,MOD17A2H,PsnNet_500m,0.0209,0.0544,5.0240,0.0335,0.0405,0.0000,0.0063,124,124,100.00
A2011177,2011-06-26,MOD17A2H,PsnNet_500m,0.0349,0.0567,5.4903,0.0218,0.0443,0.0000,0.0038,124,124,100.00
A2011185,2011-07-04,MOD17A2H,PsnNet_500m,0.0042,0.0578,5.6742,0.0536,0.0461,0.0001,0.0109,124,123,99.19
A2011193,2011-07-12,MOD17A2H,PsnNet_500m,0.0021,0.0093,0.2101,0.0072,0.0055,0.0000,0.0020,124,38,30.65
A2011201,2011-07-20,MOD17A2H,PsnNet_500m,0.0303,0.0557,5.1256,0.0254,0.0413,0.0000,0.0057,124,124,100.00
A2011209,2011-07-28,MOD17A2H,PsnNet_500m,0.0274,0.0507,5.3832,0.0233,0.0434,0.0000,0.0053,124,124,100.00
A2011217,2011-08-05,MOD17A2H,PsnNet_500m,0.0024,0.0288,1.9502,0.0264,0.0164,0.0000,0.0052,124,119,95.97
A2011225,2011-08-13,MOD17A2H,PsnNet_500m,0.0089,0.0228,1.8983,0.0139,0.0153,0.0000,0.0027,124,124,100.00
A2011233,2011-08-21,MOD17A2H,PsnNet_500m,0.0146,0.0295,2.8870,0.0149,0.0233,0.0000,0.0030,124,124,100.00
A2011241,2011-08-29,MOD17A2H,PsnNet_500m,0.0112,0.0201,2.0174,0.0089,0.0163,0.0000,0.0021,124,124,100.00
A2011249,2011-09-06,MOD17A2H,PsnNet_500m,0.0064,0.0150,1.5082,0.0086,0.0122,0.0000,0.0014,124,124,100.00
A2011257,2011-09-14,MOD17A2H,PsnNet_500m,0.0060,0.0148,1.2641,0.0088,0.0102,0.0000,0.0013,124,124,100.00
A2011265,2011-09-22,MOD17A2H,PsnNet_500m,0.0003,0.0027,0.0884,0.0024,0.0008,0.0000,0.0005,124,117,94.35
A2011273,2011-09-30,MOD17A2H,PsnNet_500m,0.0003,0.0029,0.1529,0.0026,0.0012,0.0000,0.0006,124,124,100.00
A2011281,2011-10-08,MOD17A2H,PsnNet_500m,,,,,,,,124,0,0.00
A2011289,2011-10-16,MOD17A2H,PsnNet_500m,,,,,,,,124,0,0.00
A2011297,2011-10-24,MOD17A2H,PsnNet_500m,,,,,,,,124,0,0.00
A2011305,2011-11-01,MOD17A2H,PsnNet_500m,,,,,,,,124,0,0.00
A2011313,2011-11-09,MOD17A2H,PsnNet_500m,,,,,,,,124,0,0.00
A2011321,2011-11-17,MOD17A2H,PsnNet_500m,,,,,,,,124,0,0.00
A2011329,2011-11-25,MOD17A2H,PsnNet_500m,,,,,,,,124,0,0.00
A2011337,2011-12-03,MOD17A2H,PsnNet_500m,,,,,,,,124,0,0.00
A2011345,2011-12-11,MOD17A2H,PsnNet_500m,,,,,,,,124,0,0.00
A2011353,2011-12-19,MOD17A2H,PsnNet_500m,,,,,,,,124,0,0.00
A2011361,2011-12-27,MOD17A2H,PsnNet_500m,,,,,,,,124,0,0.00
A2012001,2012-01-01,MOD17A2H,PsnNet_500m,,,,,,,,124,0,0.00
A2012009,2012-01-09,MOD17A2H,PsnNet_500m,,,,,,,,124,0,0.00
A2012017,2012-01-17,MOD17A2H,PsnNet_500m,,,,,,,,124,0,0.00
A2012025,2012-01-25,MOD17A2H,PsnNet_500m,,,,,,,,124,0,0.00
A2012033,2012-02-02,MOD17A2H,PsnNet_500m,,,,,,,,124,0,0.00
A2012041,2012-02-10,MOD17A2H,PsnNet_500m,,,,,,,,124,0,0.00
A2012049,2012-02-18,MOD17A2H,PsnNet_500m,,,,,,,,124,0,0.00
A2012057,2012-02-26,MOD17A2H,PsnNet_500m,,,,,,,,124,0,0.00
A2012065,2012-03-05,MOD17A2H,PsnNet_500m,0.0000,0.0000,0.0000,0.0000,0.0000,0.0000,0.0000,124,35,28.23
A2012073,2012-03-13,MOD17A2H,PsnNet_500m,0.0000,0.0000,0.0000,0.0000,0.0000,0.0000,0.0000,124,47,37.90
A2012081,2012-03-21,MOD17A2H,PsnNet_500m,0.0000,0.0000,0.0000,0.0000,0.0000,0.0000,0.0000,124,51,41.13
A2012089,2012-03-29,MOD17A2H,PsnNet_500m,0.0000,0.0000,0.0000,0.0000,0.0000,0.0000,0.0000,124,44,35.48
A2012097,2012-04-06,MOD17A2H,PsnNet_500m,0.0000,0.0000,0.0000,0.0000,0.0000,0.0000,0.0000,124,58,46.77
A2012105,2012-04-14,MOD17A2H,PsnNet_500m,0.0002,0.0002,0.0048,0.0000,0.0002,0.0000,0.0000,124,24,19.35
A2012113,2012-04-22,MOD17A2H,PsnNet_500m,0.0002,0.0003,0.0072,0.0001,0.0002,0.0000,0.0000,124,30,24.19
A2012121,2012-04-30,MOD17A2H,PsnNet_500m,0.0001,0.0002,0.0071,0.0001,0.0001,0.0000,0.0000,124,70,56.45
A2012129,2012-05-08,MOD17A2H,PsnNet_500m,0.0013,0.0036,0.1626,0.0023,0.0019,0.0000,0.0007,124,87,70.16
A2012137,2012-05-16,MOD17A2H,PsnNet_500m,0.0116,0.0234,2.3185,0.0118,0.0187,0.0000,0.0021,124,124,100.00
A2012145,2012-05-24,MOD17A2H,PsnNet_500m,0.0091,0.0228,2.0856,0.0137,0.0168,0.0000,0.0024,124,124,100.00
A2012153,2012-06-01,MOD17A2H,PsnNet_500m,0.0039,0.0417,3.6320,0.0378,0.0295,0.0001,0.0074,124,123,99.19
A2012161,2012-06-09,MOD17A2H,PsnNet_500m,0.0111,0.0499,4.7279,0.0388,0.0381,0.0000,0.0059,124,124,100.00
A2012169,2012-06-17,MOD17A2H,PsnNet_500m,0.0359,0.0646,6.8109,0.0287,0.0549,0.0000,0.0042,124,124,100.00
A2012177,2012-06-25,MOD17A2H,PsnNet_500m,0.0037,0.0518,3.8813,0.0481,0.0318,0.0003,0.0173,124,122,98.39
A2012185,2012-07-03,MOD17A2H,PsnNet_500m,0.0041,0.0595,4.7149,0.0554,0.0383,0.0003,0.0184,124,123,99.19
A2012193,2012-07-11,MOD17A2H,PsnNet_500m,0.0033,0.0461,3.2216,0.0428,0.0283,0.0002,0.0150,124,114,91.94
A2012201,2012-07-19,MOD17A2H,PsnNet_500m,0.0032,0.0433,3.3106,0.0401,0.0267,0.0002,0.0135,124,124,100.00
A2012209,2012-07-27,MOD17A2H,PsnNet_500m,0.0034,0.0474,3.6941,0.0440,0.0298,0.0002,0.0131,124,124,100.00
A2012217,2012-08-04,MOD17A2H,PsnNet_500m,0.0040,0.0478,3.7393,0.0438,0.0302,0.0001,0.0121,124,124,100.00
A2012225,2012-08-12,MOD17A2H,PsnNet_500m,0.0042,0.0365,2.5377,0.0323,0.0205,0.0001,0.0094,124,124,100.00
A2012233,2012-08-20,MOD17A2H,PsnNet_500m,0.0037,0.0331,2.1958,0.0294,0.0177,0.0001,0.0088,124,124,100.00
A2012241,2012-08-28,MOD17A2H,PsnNet_500m,0.0021,0.0129,0.9478,0.0108,0.0076,0.0000,0.0034,124,124,100.00
A2012249,2012-09-05,MOD17A2H,PsnNet_500m,0.0012,0.0105,0.4787,0.0093,0.0040,0.0000,0.0026,124,119,95.97
A2012257,2012-09-13,MOD17A2H,PsnNet_500m,0.0011,0.0092,0.5779,0.0081,0.0051,0.0000,0.0026,124,114,91.94
A2012265,2012-09-21,MOD17A2H,PsnNet_500m,0.0016,0.0104,0.7207,0.0088,0.0058,0.0000,0.0028,124,124,100.00
A2012273,2012-09-29,MOD17A2H,PsnNet_500m,0.0002,0.0016,0.0945,0.0014,0.0008,0.0000,0.0004,124,124,100.00
A2012281,2012-10-07,MOD17A2H,PsnNet_500m,,,,,,,,124,0,0.00
A2012289,2012-10-15,MOD17A2H,PsnNet_500m,,,,,,,,124,0,0.00
A2012297,2012-10-23,MOD17A2H,PsnNet_500m,,,,,,,,124,0,0.00
A2012305,2012-10-31,MOD17A2H,PsnNet_500m,,,,,,,,124,0,0.00
A2012313,2012-11-08,MOD17A2H,PsnNet_500m,,,,,,,,124,0,0.00
A2012321,2012-11-16,MOD17A2H,PsnNet_500m,,,,,,,,124,0,0.00
A2012329,2012-11-24,MOD17A2H,PsnNet_500m,,,,,,,,124,0,0.00
A2012337,2012-12-02,MOD17A2H,PsnNet_500m,,,,,,,,124,0,0.00
A2012345,2012-12-10,MOD17A2H,PsnNet_500m,,,,,,,,124,0,0.00
A2012353,2012-12-18,MOD17A2H,PsnNet_500m,,,,,,,,124,0,0.00
A2012361,2012-12-26,MOD17A2H,PsnNet_500m,,,,,,,,124,0,0.00
A2013001,2013-01-01,MOD17A2H,PsnNet_500m,,,,,,,,124,0,0.00
A2013009,2013-01-09,MOD17A2H,PsnNet_500m,,,,,,,,124,0,0.00
A2013017,2013-01-17,MOD17A2H,PsnNet_500m,,,,,,,,124,0,0.00
A2013025,2013-01-25,MOD17A2H,PsnNet_500m,,,,,,,,124,0,0.00
A2013033,2013-02-02,MOD17A2H,PsnNet_500m,,,,,,,,124,0,0.00
A2013041,2013-02-10,MOD17A2H,PsnNet_500m,,,,,,,,124,0,0.00
A2013049,2013-02-18,MOD17A2H,PsnNet_500m,,,,,,,,124,0,0.00
A2013057,2013-02-26,MOD17A2H,PsnNet_500m,,,,,,,,124,0,0.00
A2013065,2013-03-06,MOD17A2H,PsnNet_500m,0.0000,0.0000,0.0000,0.0000,0.0000,0.0000,0.0000,124,44,35.48
A2013073,2013-03-14,MOD17A2H,PsnNet_500m,0.0000,0.0000,0.0000,0.0000,0.0000,0.0000,0.0000,124,20,16.13
A2013081,2013-03-22,MOD17A2H,PsnNet_500m,0.0000,0.0000,0.0000,0.0000,0.0000,0.0000,0.0000,124,29,23.39
A2013089,2013-03-30,MOD17A2H,PsnNet_500m,0.0000,0.0000,0.0000,0.0000,0.0000,0.0000,0.0000,124,4,3.23
A2013097,2013-04-07,MOD17A2H,PsnNet_500m,0.0000,0.0000,0.0000,0.0000,0.0000,0.0000,0.0000,124,6,4.84
A2013105,2013-04-15,MOD17A2H,PsnNet_500m,0.0000,0.0000,0.0000,0.0000,0.0000,0.0000,0.0000,124,5,4.03
A2013113,2013-04-23,MOD17A2H,PsnNet_500m,0.0000,0.0000,0.0000,0.0000,0.0000,0.0000,0.0000,124,2,1.61
A2013121,2013-05-01,MOD17A2H,PsnNet_500m,0.0000,0.0000,0.0000,0.0000,0.0000,0.0000,0.0000,124,1,0.81
A2013129,2013-05-09,MOD17A2H,PsnNet_500m,0.0006,0.0010,0.0088,0.0004,0.0006,0.0000,0.0001,124,14,11.29
A2013137,2013-05-17,MOD17A2H,PsnNet_500m,0.0014,0.0162,0.3970,0.0148,0.0038,0.0000,0.0029,124,104,83.87
A2013145,2013-05-25,MOD17A2H,PsnNet_500m,0.0033,0.0337,2.5536,0.0304,0.0206,0.0001,0.0102,124,124,100.00
A2013153,2013-06-02,MOD17A2H,PsnNet_500m,0.0029,0.0331,2.5106,0.0302,0.0202,0.0001,0.0091,124,124,100.00
A2013161,2013-06-10,MOD17A2H,PsnNet_500m,0.0036,0.0413,2.9642,0.0377,0.0241,0.0001,0.0119,124,123,99.19
A2013169,2013-06-18,MOD17A2H,PsnNet_500m,0.0043,0.0612,4.6981,0.0569,0.0379,0.0003,0.0162,124,124,100.00
A2013177,2013-06-26,MOD17A2H,PsnNet_500m,0.0056,0.0605,5.1600,0.0549,0.0416,0.0003,0.0165,124,124,100.00
A2013185,2013-07-04,MOD17A2H,PsnNet_500m,0.0032,0.0495,3.8801,0.0463,0.0313,0.0001,0.0118,124,124,100.00
A2013193,2013-07-12,MOD17A2H,PsnNet_500m,0.0037,0.0546,4.4238,0.0509,0.0357,0.0002,0.0134,124,124,100.00
A2013201,2013-07-20,MOD17A2H,PsnNet_500m,0.0093,0.0489,4.2631,0.0396,0.0344,0.0001,0.0119,124,124,100.00
A2013209,2013-07-28,MOD17A2H,PsnNet_500m,0.0078,0.0620,5.4406,0.0542,0.0439,0.0002,0.0152,124,124,100.00
A2013217,2013-08-05,MOD17A2H,PsnNet_500m,0.0125,0.0583,4.8244,0.0458,0.0389,0.0002,0.0131,124,124,100.00
A2013225,2013-08-13,MOD17A2H,PsnNet_500m,0.0026,0.0383,1.1115,0.0357,0.0125,0.0001,0.0096,124,89,71.77
A2013233,2013-08-21,MOD17A2H,PsnNet_500m,0.0016,0.0145,1.0114,0.0129,0.0082,0.0000,0.0034,124,124,100.00
A2013241,2013-08-29,MOD17A2H,PsnNet_500m,0.0019,0.0178,1.3015,0.0159,0.0109,0.0000,0.0041,124,119,95.97
A2013249,2013-09-06,MOD17A2H,PsnNet_500m,0.0019,0.0126,1.0656,0.0107,0.0086,0.0000,0.0031,124,124,100.00
A2013257,2013-09-14,MOD17A2H,PsnNet_500m,0.0005,0.0025,0.0898,0.0020,0.0009,0.0000,0.0003,124,103,83.06
A2013265,2013-09-22,MOD17A2H,PsnNet_500m,0.0003,0.0011,0.0586,0.0008,0.0005,0.0000,0.0002,124,123,99.19
A2013273,2013-09-30,MOD17A2H,PsnNet_500m,0.0001,0.0014,0.0541,0.0013,0.0005,0.0000,0.0004,124,106,85.48
A2013281,2013-10-08,MOD17A2H,PsnNet_500m,,,,,,,,124,0,0.00
A2013289,2013-10-16,MOD17A2H,PsnNet_500m,,,,,,,,124,0,0.00
A2013297,2013-10-24,MOD17A2H,PsnNet_500m,,,,,,,,124,0,0.00
A2013305,2013-11-01,MOD17A2H,PsnNet_500m,,,,,,,,124,0,0.00
A2013313,2013-11-09,MOD17A2H,PsnNet_500m,,,,,,,,124,0,0.00
A2013321,2013-11-17,MOD17A2H,PsnNet_500m,,,,,,,,124,0,0.00
A2013329,2013-11-25,MOD17A2H,PsnNet_500m,,,,,,,,124,0,0.00
A2013337,2013-12-03,MOD17A2H,PsnNet_500m,,,,,,,,124,0,0.00
A2013345,2013-12-11,MOD17A2H,PsnNet_500m,,,,,,,,124,0,0.00
A2013353,2013-12-19,MOD17A2H,PsnNet_500m,,,,,,,,124,0,0.00
A2013361,2013-12-27,MOD17A2H,PsnNet_500m,,,,,,,,124,0,0.00
A2014001,2014-01-01,MOD17A2H,PsnNet_500m,,,,,,,,124,0,0.00
A2014009,2014-01-09,MOD17A2H,PsnNet_500m,,,,,,,,124,0,0.00
A2014017,2014-01-17,MOD17A2H,PsnNet_500m,,,,,,,,124,0,0.00
A2014025,2014-01-25,MOD17A2H,PsnNet_500m,,,,,,,,124,0,0.00
A2014033,2014-02-02,MOD17A2H,PsnNet_500m,,,,,,,,124,0,0.00
A2014041,2014-02-10,MOD17A2H,PsnNet_500m,,,,,,,,124,0,0.00
A2014049,2014-02-18,MOD17A2H,PsnNet_500m,,,,,,,,124,0,0.00
A2014057,2014-02-26,MOD17A2H,PsnNet_500m,,,,,,,,124,0,0.00
A2014065,2014-03-06,MOD17A2H,PsnNet_500m,0.0000,0.0000,0.0000,0.0000,0.0000,0.0000,0.0000,124,40,32.26
A2014073,2014-03-14,MOD17A2H,PsnNet_500m,-0.0002,0.0000,-0.0002,0.0002,-0.0000,0.0000,0.0000,124,36,29.03
A2014081,2014-03-22,MOD17A2H,PsnNet_500m,0.0000,0.0000,0.0000,0.0000,0.0000,0.0000,0.0000,124,37,29.84
A2014089,2014-03-30,MOD17A2H,PsnNet_500m,0.0000,0.0000,0.0000,0.0000,0.0000,0.0000,0.0000,124,16,12.90
A2014097,2014-04-07,MOD17A2H,PsnNet_500m,0.0001,0.0002,0.0016,0.0001,0.0001,0.0000,0.0000,124,15,12.10
A2014105,2014-04-15,MOD17A2H,PsnNet_500m,0.0001,0.0002,0.0095,0.0001,0.0002,0.0000,0.0000,124,48,38.71
A2014113,2014-04-23,MOD17A2H,PsnNet_500m,0.0007,0.0016,0.0660,0.0009,0.0010,0.0000,0.0003,124,68,54.84
A2014121,2014-05-01,MOD17A2H,PsnNet_500m,0.0017,0.0148,0.9626,0.0131,0.0078,0.0000,0.0039,124,123,99.19
A2014129,2014-05-09,MOD17A2H,PsnNet_500m,0.0021,0.0220,1.5952,0.0199,0.0129,0.0000,0.0061,124,124,100.00
A2014137,2014-05-17,MOD17A2H,PsnNet_500m,0.0008,0.0077,0.4621,0.0069,0.0039,0.0000,0.0017,124,119,95.97
A2014145,2014-05-25,MOD17A2H,PsnNet_500m,0.0028,0.0321,2.5218,0.0293,0.0203,0.0001,0.0087,124,124,100.00
A2014153,2014-06-02,MOD17A2H,PsnNet_500m,0.0050,0.0479,3.4511,0.0429,0.0278,0.0001,0.0098,124,124,100.00
A2014161,2014-06-10,MOD17A2H,PsnNet_500m,0.0063,0.0408,3.4291,0.0345,0.0277,0.0001,0.0093,124,124,100.00
A2014169,2014-06-18,MOD17A2H,PsnNet_500m,0.0081,0.0594,4.0489,0.0513,0.0327,0.0001,0.0101,124,124,100.00
A2014177,2014-06-26,MOD17A2H,PsnNet_500m,0.0153,0.0621,5.5448,0.0468,0.0447,0.0001,0.0117,124,124,100.00
A2014185,2014-07-04,MOD17A2H,PsnNet_500m,0.0085,0.0461,2.9250,0.0376,0.0236,0.0001,0.0099,124,124,100.00
A2014193,2014-07-12,MOD17A2H,PsnNet_500m,0.0151,0.0569,4.9071,0.0418,0.0396,0.0001,0.0095,124,124,100.00
A2014201,2014-07-20,MOD17A2H,PsnNet_500m,0.0031,0.0363,2.4329,0.0332,0.0199,0.0001,0.0093,124,122,98.39
A2014209,2014-07-28,MOD17A2H,PsnNet_500m,0.0080,0.0329,2.6232,0.0249,0.0213,0.0000,0.0066,124,123,99.19
A2014217,2014-08-05,MOD17A2H,PsnNet_500m,0.0021,0.0251,1.2210,0.0230,0.0098,0.0000,0.0055,124,124,100.00
A2014225,2014-08-13,MOD17A2H,PsnNet_500m,0.0110,0.0310,2.8191,0.0200,0.0227,0.0000,0.0050,124,124,100.00
A2014233,2014-08-21,MOD17A2H,PsnNet_500m,0.0101,0.0335,2.6069,0.0234,0.0210,0.0000,0.0060,124,124,100.00
A2014241,2014-08-29,MOD17A2H,PsnNet_500m,0.0017,0.0108,0.9169,0.0091,0.0074,0.0000,0.0022,124,124,100.00
A2014249,2014-09-06,MOD17A2H,PsnNet_500m,0.0013,0.0102,0.8844,0.0089,0.0071,0.0000,0.0021,124,124,100.00
A2014257,2014-09-14,MOD17A2H,PsnNet_500m,0.0012,0.0090,0.6625,0.0078,0.0053,0.0000,0.0019,124,124,100.00
A2014265,2014-09-22,MOD17A2H,PsnNet_500m,0.0006,0.0033,0.2574,0.0027,0.0021,0.0000,0.0009,124,124,100.00
A2014273,2014-09-30,MOD17A2H,PsnNet_500m,0.0002,0.0012,0.0422,0.0010,0.0005,0.0000,0.0002,124,82,66.13
A2014281,2014-10-08,MOD17A2H,PsnNet_500m,,,,,,,,124,0,0.00
A2014289,2014-10-16,MOD17A2H,PsnNet_500m,,,,,,,,124,0,0.00
A2014297,2014-10-24,MOD17A2H,PsnNet_500m,,,,,,,,124,0,0.00
A2014305,2014-11-01,MOD17A2H,PsnNet_500m,,,,,,,,124,0,0.00
A2014313,2014-11-09,MOD17A2H,PsnNet_500m,,,,,,,,124,0,0.00
A2014321,2014-11-17,MOD17A2H,PsnNet_500m,,,,,,,,124,0,0.00
A2014329,2014-11-25,MOD17A2H,PsnNet_500m,,,,,,,,124,0,0.00
A2014337,2014-12-03,MOD17A2H,PsnNet_500m,,,,,,,,124,0,0.00
A2014345,2014-12-11,MOD17A2H,PsnNet_500m,,,,,,,,124,0,0.00
A2014353,2014-12-19,MOD17A2H,PsnNet_500m,,,,,,,,124,0,0.00
A2014361,2014-12-27,MOD17A2H,PsnNet_500m,,,,,,,,124,0,0.00
A2015001,2015-01-01,MOD17A2H,PsnNet_500m,,,,,,,,124,0,0.00
A2015009,2015-01-09,MOD17A2H,PsnNet_500m,,,,,,,,124,0,0.00
A2015017,2015-01-17,MOD17A2H,PsnNet_500m,,,,,,,,124,0,0.00
A2015025,2015-01-25,MOD17A2H,PsnNet_500m,,,,,,,,124,0,0.00
A2015033,2015-02-02,MOD17A2H,PsnNet_500m,,,,,,,,124,0,0.00
A2015041,2015-02-10,MOD17A2H,PsnNet_500m,,,,,,,,124,0,0.00
A2015049,2015-02-18,MOD17A2H,PsnNet_500m,,,,,,,,124,0,0.00
A2015057,2015-02-26,MOD17A2H,PsnNet_500m,,,,,,,,124,0,0.00
A2015065,2015-03-06,MOD17A2H,PsnNet_500m,0.0000,0.0000,0.0000,0.0000,0.0000,0.0000,0.0000,124,22,17.74
A2015073,2015-03-14,MOD17A2H,PsnNet_500m,0.0000,0.0000,0.0000,0.0000,0.0000,0.0000,0.0000,124,20,16.13
A2015081,2015-03-22,MOD17A2H,PsnNet_500m,0.0000,0.0000,0.0000,0.0000,0.0000,0.0000,0.0000,124,26,20.97
A2015089,2015-03-30,MOD17A2H,PsnNet_500m,0.0000,0.0000,0.0000,0.0000,0.0000,0.0000,0.0000,124,15,12.10
A2015097,2015-04-07,MOD17A2H,PsnNet_500m,0.0001,0.0002,0.0006,0.0001,0.0001,0.0000,0.0000,124,5,4.03
A2015105,2015-04-15,MOD17A2H,PsnNet_500m,0.0005,0.0006,0.0234,0.0001,0.0006,0.0000,0.0000,124,42,33.87
A2015113,2015-04-23,MOD17A2H,PsnNet_500m,0.0011,0.0011,0.0011,0.0000,0.0011,0.0000,0.0000,124,1,0.81
A2015121,2015-05-01,MOD17A2H,PsnNet_500m,0.0009,0.0020,0.0344,0.0011,0.0012,0.0000,0.0003,124,29,23.39
A2015129,2015-05-09,MOD17A2H,PsnNet_500m,0.0031,0.0258,1.7568,0.0227,0.0142,0.0000,0.0065,124,124,100.00
A2015137,2015-05-17,MOD17A2H,PsnNet_500m,0.0087,0.0468,3.9591,0.0381,0.0319,0.0001,0.0106,124,124,100.00
A2015145,2015-05-25,MOD17A2H,PsnNet_500m,0.0105,0.0384,3.3447,0.0279,0.0270,0.0001,0.0077,124,124,100.00
A2015153,2015-06-02,MOD17A2H,PsnNet_500m,0.0022,0.0296,2.0888,0.0274,0.0180,0.0001,0.0073,124,116,93.55
A2015161,2015-06-10,MOD17A2H,PsnNet_500m,0.0028,0.0382,1.9511,0.0354,0.0179,0.0001,0.0083,124,109,87.90
A2015169,2015-06-18,MOD17A2H,PsnNet_500m,0.0267,0.0652,6.0789,0.0385,0.0490,0.0001,0.0095,124,124,100.00
A2015177,2015-06-26,MOD17A2H,PsnNet_500m,0.0173,0.0436,4.1874,0.0263,0.0338,0.0000,0.0067,124,124,100.00
A2015185,2015-07-04,MOD17A2H,PsnNet_500m,0.0199,0.0588,5.1718,0.0389,0.0417,0.0001,0.0085,124,124,100.00
A2015193,2015-07-12,MOD17A2H,PsnNet_500m,0.0085,0.0449,3.7166,0.0364,0.0300,0.0001,0.0077,124,124,100.00
A2015201,2015-07-20,MOD17A2H,PsnNet_500m,0.0089,0.0441,3.7855,0.0352,0.0305,0.0001,0.0074,124,124,100.00
A2015209,2015-07-28,MOD17A2H,PsnNet_500m,0.0033,0.0358,2.7696,0.0325,0.0227,0.0001,0.0090,124,122,98.39
A2015217,2015-08-05,MOD17A2H,PsnNet_500m,0.0143,0.0351,3.3800,0.0208,0.0273,0.0000,0.0045,124,124,100.00
A2015225,2015-08-13,MOD17A2H,PsnNet_500m,0.0099,0.0327,2.5455,0.0228,0.0205,0.0000,0.0041,124,124,100.00
A2015233,2015-08-21,MOD17A2H,PsnNet_500m,0.0070,0.0171,1.5471,0.0101,0.0125,0.0000,0.0023,124,124,100.00
A2015241,2015-08-29,MOD17A2H,PsnNet_500m,0.0012,0.0064,0.3882,0.0052,0.0032,0.0000,0.0010,124,123,99.19
A2015249,2015-09-06,MOD17A2H,PsnNet_500m,0.0036,0.0125,1.0775,0.0089,0.0087,0.0000,0.0019,124,124,100.00
A2015257,2015-09-14,MOD17A2H,PsnNet_500m,0.0004,0.0028,0.0207,0.0024,0.0007,0.0000,0.0004,124,29,23.39
A2015265,2015-09-22,MOD17A2H,PsnNet_500m,0.0001,0.0003,0.0134,0.0002,0.0002,0.0000,0.0000,124,79,63.71
A2015273,2015-09-30,MOD17A2H,PsnNet_500m,0.0000,0.0003,0.0092,0.0003,0.0002,0.0000,0.0001,124,59,47.58
A2015281,2015-10-08,MOD17A2H,PsnNet_500m,,,,,,,,124,0,0.00
A2015289,2015-10-16,MOD17A2H,PsnNet_500m,,,,,,,,124,0,0.00
A2015297,2015-10-24,MOD17A2H,PsnNet_500m,,,,,,,,124,0,0.00
A2015305,2015-11-01,MOD17A2H,PsnNet_500m,,,,,,,,124,0,0.00
A2015313,2015-11-09,MOD17A2H,PsnNet_500m,,,,,,,,124,0,0.00
A2015321,2015-11-17,MOD17A2H,PsnNet_500m,,,,,,,,124,0,0.00
A2015329,2015-11-25,MOD17A2H,PsnNet_500m,,,,,,,,124,0,0.00
A2015337,2015-12-03,MOD17A2H,PsnNet_500m,,,,,,,,124,0,0.00
A2015345,2015-12-11,MOD17A2H,PsnNet_500m,,,,,,,,124,0,0.00
A2015353,2015-12-19,MOD17A2H,PsnNet_500m,,,,,,,,124,0,0.00
A2015361,2015-12-27,MOD17A2H,PsnNet_500m,,,,,,,,124,0,0.00
A2016001,2016-01-01,MOD17A2H,PsnNet_500m,,,,,,,,124,0,0.00
A2016009,2016-01-09,MOD17A2H,PsnNet_500m,,,,,,,,124,0,0.00
A2016017,2016-01-17,MOD17A2H,PsnNet_500m,,,,,,,,124,0,0.00
A2016025,2016-01-25,MOD17A2H,PsnNet_500m,,,,,,,,124,0,0.00
A2016033,2016-02-02,MOD17A2H,PsnNet_500m,,,,,,,,124,0,0.00
A2016041,2016-02-10,MOD17A2H,PsnNet_500m,,,,,,,,124,0,0.00
A2016049,2016-02-18,MOD17A2H,PsnNet_500m,,,,,,,,124,0,0.00
A2016057,2016-02-26,MOD17A2H,PsnNet_500m,,,,,,,,124,0,0.00
A2016065,2016-03-05,MOD17A2H,PsnNet_500m,0.0000,0.0000,0.0000,0.0000,0.0000,0.0000,0.0000,124,27,21.77
A2016073,2016-03-13,MOD17A2H,PsnNet_500m,0.0000,0.0000,0.0000,0.0000,0.0000,0.0000,0.0000,124,54,43.55
A2016081,2016-03-21,MOD17A2H,PsnNet_500m,0.0001,0.0003,0.0034,0.0002,0.0001,0.0000,0.0000,124,30,24.19
A2016089,2016-03-29,MOD17A2H,PsnNet_500m,,,,,,,,124,0,0.00
A2016097,2016-04-06,MOD17A2H,PsnNet_500m,0.0000,0.0000,0.0000,0.0000,0.0000,0.0000,0.0000,124,48,38.71
A2016105,2016-04-14,MOD17A2H,PsnNet_500m,0.0000,0.0000,0.0000,0.0000,0.0000,0.0000,0.0000,124,24,19.35
A2016113,2016-04-22,MOD17A2H,PsnNet_500m,0.0008,0.0023,0.0674,0.0015,0.0010,0.0000,0.0004,124,65,52.42
A2016121,2016-04-30,MOD17A2H,PsnNet_500m,0.0013,0.0109,0.5032,0.0096,0.0041,0.0000,0.0022,124,123,99.19
A2016129,2016-05-08,MOD17A2H,PsnNet_500m,0.0059,0.0322,2.2647,0.0263,0.0183,0.0000,0.0054,124,124,100.00
A2016137,2016-05-16,MOD17A2H,PsnNet_500m,0.0019,0.0165,1.2686,0.0146,0.0102,0.0000,0.0036,124,124,100.00
A2016145,2016-05-24,MOD17A2H,PsnNet_500m,0.0043,0.0248,1.9581,0.0205,0.0158,0.0000,0.0049,124,124,100.00
A2016153,2016-06-01,MOD17A2H,PsnNet_500m,0.0049,0.0239,2.1116,0.0190,0.0170,0.0000,0.0044,124,124,100.00
A2016161,2016-06-09,MOD17A2H,PsnNet_500m,0.0155,0.0521,4.1767,0.0366,0.0337,0.0001,0.0084,124,124,100.00
A2016169,2016-06-17,MOD17A2H,PsnNet_500m,0.0293,0.0590,5.5468,0.0297,0.0447,0.0000,0.0060,124,124,100.00
A2016177,2016-06-25,MOD17A2H,PsnNet_500m,0.0268,0.0514,5.2191,0.0246,0.0421,0.0000,0.0058,124,124,100.00
A2016185,2016-07-03,MOD17A2H,PsnNet_500m,0.0197,0.0475,4.8986,0.0278,0.0395,0.0000,0.0042,124,124,100.00
A2016193,2016-07-11,MOD17A2H,PsnNet_500m,0.0152,0.0604,5.5230,0.0452,0.0445,0.0001,0.0071,124,124,100.00
A2016201,2016-07-19,MOD17A2H,PsnNet_500m,0.0242,0.0391,4.1124,0.0149,0.0332,0.0000,0.0032,124,124,100.00
A2016209,2016-07-27,MOD17A2H,PsnNet_500m,0.0114,0.0514,4.6852,0.0400,0.0378,0.0000,0.0068,124,124,100.00
A2016217,2016-08-04,MOD17A2H,PsnNet_500m,0.0023,0.0277,1.4725,0.0254,0.0119,0.0000,0.0045,124,124,100.00
A2016225,2016-08-12,MOD17A2H,PsnNet_500m,0.0199,0.0422,3.7173,0.0223,0.0300,0.0000,0.0044,124,124,100.00
A2016233,2016-08-20,MOD17A2H,PsnNet_500m,0.0072,0.0265,2.2538,0.0193,0.0182,0.0000,0.0038,124,124,100.00
A2016241,2016-08-28,MOD17A2H,PsnNet_500m,0.0073,0.0162,1.5105,0.0089,0.0122,0.0000,0.0021,124,124,100.00
A2016249,2016-09-05,MOD17A2H,PsnNet_500m,0.0043,0.0119,1.0576,0.0076,0.0085,0.0000,0.0016,124,124,100.00
A2016257,2016-09-13,MOD17A2H,PsnNet_500m,0.0015,0.0058,0.4406,0.0043,0.0036,0.0000,0.0010,124,124,100.00
A2016265,2016-09-21,MOD17A2H,PsnNet_500m,0.0034,0.0076,0.6904,0.0042,0.0056,0.0000,0.0011,124,124,100.00
A2016273,2016-09-29,MOD17A2H,PsnNet_500m,0.0005,0.0038,0.1833,0.0033,0.0016,0.0000,0.0007,124,114,91.94
A2016281,2016-10-07,MOD17A2H,PsnNet_500m,,,,,,,,124,0,0.00
A2016289,2016-10-15,MOD17A2H,PsnNet_500m,,,,,,,,124,0,0.00
A2016297,2016-10-23,MOD17A2H,PsnNet_500m,,,,,,,,124,0,0.00
A2016305,2016-10-31,MOD17A2H,PsnNet_500m,,,,,,,,124,0,0.00
A2016313,2016-11-08,MOD17A2H,PsnNet_500m,,,,,,,,124,0,0.00
A2016321,2016-11-16,MOD17A2H,PsnNet_500m,,,,,,,,124,0,0.00
A2016329,2016-11-24,MOD17A2H,PsnNet_500m,,,,,,,,124,0,0.00
A2016337,2016-12-02,MOD17A2H,PsnNet_500m,,,,,,,,124,0,0.00
A2016345,2016-12-10,MOD17A2H,PsnNet_500m,,,,,,,,124,0,0.00
A2016353,2016-12-18,MOD17A2H,PsnNet_500m,,,,,,,,124,0,0.00
A2016361,2016-12-26,MOD17A2H,PsnNet_500m,,,,,,,,124,0,0.00
A2017001,2017-01-01,MOD17A2H,PsnNet_500m,,,,,,,,124,0,0.00
A2017009,2017-01-09,MOD17A2H,PsnNet_500m,,,,,,,,124,0,0.00
A2017017,2017-01-17,MOD17A2H,PsnNet_500m,,,,,,,,124,0,0.00
A2017025,2017-01-25,MOD17A2H,PsnNet_500m,,,,,,,,124,0,0.00
A2017033,2017-02-02,MOD17A2H,PsnNet_500m,,,,,,,,124,0,0.00
A2017041,2017-02-10,MOD17A2H,PsnNet_500m,,,,,,,,124,0,0.00
A2017049,2017-02-18,MOD17A2H,PsnNet_500m,,,,,,,,124,0,0.00
A2017057,2017-02-26,MOD17A2H,PsnNet_500m,,,,,,,,124,0,0.00
A2017065,2017-03-06,MOD17A2H,PsnNet_500m,0.0000,0.0000,0.0000,0.0000,0.0000,0.0000,0.0000,124,41,33.06
A2017073,2017-03-14,MOD17A2H,PsnNet_500m,0.0000,0.0000,0.0000,0.0000,0.0000,0.0000,0.0000,124,29,23.39
A2017081,2017-03-22,MOD17A2H,PsnNet_500m,-0.0001,0.0000,-0.0003,0.0001,-0.0000,0.0000,0.0000,124,32,25.81
A2017089,2017-03-30,MOD17A2H,PsnNet_500m,0.0000,0.0000,0.0000,0.0000,0.0000,0.0000,0.0000,124,12,9.68
A2017097,2017-04-07,MOD17A2H,PsnNet_500m,0.0000,0.0000,0.0000,0.0000,0.0000,0.0000,0.0000,124,66,53.23
A2017105,2017-04-15,MOD17A2H,PsnNet_500m,0.0000,0.0000,0.0000,0.0000,0.0000,0.0000,0.0000,124,3,2.42
A2017113,2017-04-23,MOD17A2H,PsnNet_500m,0.0000,0.0001,0.0008,0.0001,0.0000,0.0000,0.0000,124,28,22.58
A2017121,2017-05-01,MOD17A2H,PsnNet_500m,0.0010,0.0025,0.1025,0.0015,0.0014,0.0000,0.0004,124,75,60.48
A2017129,2017-05-09,MOD17A2H,PsnNet_500m,0.0014,0.0157,0.6865,0.0143,0.0055,0.0000,0.0033,124,124,100.00
A2017137,2017-05-17,MOD17A2H,PsnNet_500m,0.0030,0.0277,2.0586,0.0247,0.0172,0.0000,0.0056,124,120,96.77
A2017145,2017-05-25,MOD17A2H,PsnNet_500m,0.0031,0.0318,2.7857,0.0287,0.0225,0.0000,0.0054,124,124,100.00
A2017153,2017-06-02,MOD17A2H,PsnNet_500m,0.0120,0.0333,3.2648,0.0213,0.0263,0.0000,0.0037,124,124,100.00
A2017161,2017-06-10,MOD17A2H,PsnNet_500m,0.0176,0.0397,3.8051,0.0221,0.0307,0.0000,0.0044,124,124,100.00
A2017169,2017-06-18,MOD17A2H,PsnNet_500m,0.0052,0.0579,5.1331,0.0527,0.0414,0.0001,0.0097,124,124,100.00
A2017177,2017-06-26,MOD17A2H,PsnNet_500m,0.0046,0.0618,4.1495,0.0572,0.0335,0.0003,0.0185,124,124,100.00
A2017185,2017-07-04,MOD17A2H,PsnNet_500m,0.0045,0.0633,4.1999,0.0588,0.0359,0.0003,0.0180,124,117,94.35
A2017193,2017-07-12,MOD17A2H,PsnNet_500m,0.0035,0.0457,3.1947,0.0422,0.0258,0.0002,0.0137,124,124,100.00
A2017201,2017-07-20,MOD17A2H,PsnNet_500m,0.0026,0.0364,2.3025,0.0338,0.0193,0.0001,0.0122,124,119,95.97
A2017209,2017-07-28,MOD17A2H,PsnNet_500m,0.0039,0.0496,3.3425,0.0457,0.0270,0.0002,0.0140,124,124,100.00
A2017217,2017-08-05,MOD17A2H,PsnNet_500m,0.0035,0.0470,3.2713,0.0435,0.0264,0.0002,0.0134,124,124,100.00
A2017225,2017-08-13,MOD17A2H,PsnNet_500m,0.0033,0.0332,2.2747,0.0299,0.0183,0.0001,0.0095,124,124,100.00
A2017233,2017-08-21,MOD17A2H,PsnNet_500m,0.0026,0.0223,1.5578,0.0197,0.0127,0.0000,0.0064,124,123,99.19
A2017241,2017-08-29,MOD17A2H,PsnNet_500m,0.0020,0.0179,1.1195,0.0159,0.0093,0.0000,0.0052,124,120,96.77
A2017249,2017-09-06,MOD17A2H,PsnNet_500m,0.0014,0.0097,0.5827,0.0083,0.0049,0.0000,0.0027,124,120,96.77
A2017257,2017-09-14,MOD17A2H,PsnNet_500m,0.0016,0.0075,0.4742,0.0059,0.0038,0.0000,0.0020,124,124,100.00
A2017265,2017-09-22,MOD17A2H,PsnNet_500m,0.0007,0.0042,0.1353,0.0035,0.0012,0.0000,0.0008,124,113,91.13
A2017273,2017-09-30,MOD17A2H,PsnNet_500m,0.0003,0.0025,0.1356,0.0022,0.0012,0.0000,0.0006,124,112,90.32
A2017281,2017-10-08,MOD17A2H,PsnNet_500m,,,,,,,,124,0,0.00
A2017289,2017-10-16,MOD17A2H,PsnNet_500m,,,,,,,,124,0,0.00
A2017297,2017-10-24,MOD17A2H,PsnNet_500m,,,,,,,,124,0,0.00
A2017305,2017-11-01,MOD17A2H,PsnNet_500m,,,,,,,,124,0,0.00
A2017313,2017-11-09,MOD17A2H,PsnNet_500m,,,,,,,,124,0,0.00
A2017321,2017-11-17,MOD17A2H,PsnNet_500m,,,,,,,,124,0,0.00
A2017329,2017-11-25,MOD17A2H,PsnNet_500m,,,,,,,,124,0,0.00
A2017337,2017-12-03,MOD17A2H,PsnNet_500m,,,,,,,,124,0,0.00
A2017345,2017-12-11,MOD17A2H,PsnNet_500m,,,,,,,,124,0,0.00
A2017353,2017-12-19,MOD17A2H,PsnNet_500m,,,,,,,,124,0,0.00
A2017361,2017-12-27,MOD17A2H,PsnNet_500m,,,,,,,,124,0,0.00
A2018001,2018-01-01,MOD17A2H,PsnNet_500m,,,,,,,,124,0,0.00
A2018009,2018-01-09,MOD17A2H,PsnNet_500m,,,,,,,,124,0,0.00
A2018017,2018-01-17,MOD17A2H,PsnNet_500m,,,,,,,,124,0,0.00
A2018025,2018-01-25,MOD17A2H,PsnNet_500m,,,,,,,,124,0,0.00
A2018033,2018-02-02,MOD17A2H,PsnNet_500m,,,,,,,,124,0,0.00
A2018041,2018-02-10,MOD17A2H,PsnNet_500m,,,,,,,,124,0,0.00
A2018049,2018-02-18,MOD17A2H,PsnNet_500m,,,,,,,,124,0,0.00
A2018057,2018-02-26,MOD17A2H,PsnNet_500m,,,,,,,,124,0,0.00
A2018065,2018-03-06,MOD17A2H,PsnNet_500m,0.0000,0.0000,0.0000,0.0000,0.0000,0.0000,0.0000,124,15,12.10
A2018073,2018-03-14,MOD17A2H,PsnNet_500m,0.0000,0.0000,0.0000,0.0000,0.0000,0.0000,0.0000,124,5,4.03
A2018081,2018-03-22,MOD17A2H,PsnNet_500m,0.0000,0.0000,0.0000,0.0000,0.0000,0.0000,0.0000,124,11,8.87
A2018089,2018-03-30,MOD17A2H,PsnNet_500m,0.0000,0.0000,0.0000,0.0000,0.0000,0.0000,0.0000,124,10,8.06
A2018097,2018-04-07,MOD17A2H,PsnNet_500m,0.0000,0.0001,0.0001,0.0001,0.0000,0.0000,0.0000,124,11,8.87
A2018105,2018-04-15,MOD17A2H,PsnNet_500m,0.0000,0.0000,0.0000,0.0000,0.0000,0.0000,0.0000,124,3,2.42
A2018113,2018-04-23,MOD17A2H,PsnNet_500m,0.0004,0.0016,0.0134,0.0012,0.0008,0.0000,0.0002,124,17,13.71
A2018121,2018-05-01,MOD17A2H,PsnNet_500m,0.0009,0.0046,0.1635,0.0037,0.0016,0.0000,0.0010,124,104,83.87
A2018129,2018-05-09,MOD17A2H,PsnNet_500m,0.0016,0.0146,0.8706,0.0130,0.0070,0.0000,0.0041,124,124,100.00
A2018137,2018-05-17,MOD17A2H,PsnNet_500m,0.0019,0.0124,0.6242,0.0105,0.0050,0.0000,0.0031,124,124,100.00
A2018145,2018-05-25,MOD17A2H,PsnNet_500m,0.0018,0.0182,1.0124,0.0164,0.0082,0.0000,0.0046,124,124,100.00
A2018153,2018-06-02,MOD17A2H,PsnNet_500m,0.0029,0.0306,2.0436,0.0277,0.0166,0.0001,0.0089,124,123,99.19
A2018161,2018-06-10,MOD17A2H,PsnNet_500m,0.0029,0.0335,1.8381,0.0306,0.0152,0.0001,0.0101,124,121,97.58
A2018169,2018-06-18,MOD17A2H,PsnNet_500m,0.0037,0.0463,3.2140,0.0426,0.0259,0.0002,0.0134,124,124,100.00
A2018177,2018-06-26,MOD17A2H,PsnNet_500m,0.0031,0.0398,2.4792,0.0367,0.0205,0.0001,0.0100,124,121,97.58
A2018185,2018-07-04,MOD17A2H,PsnNet_500m,0.0068,0.0528,4.0915,0.0460,0.0330,0.0002,0.0141,124,124,100.00
A2018193,2018-07-12,MOD17A2H,PsnNet_500m,0.0098,0.0447,3.2250,0.0349,0.0260,0.0001,0.0101,124,124,100.00
A2018201,2018-07-20,MOD17A2H,PsnNet_500m,0.0118,0.0515,4.3565,0.0397,0.0351,0.0001,0.0118,124,124,100.00
A2018209,2018-07-28,MOD17A2H,PsnNet_500m,0.0043,0.0407,2.9031,0.0364,0.0234,0.0001,0.0091,124,124,100.00
A2018217,2018-08-05,MOD17A2H,PsnNet_500m,0.0064,0.0277,2.2621,0.0213,0.0182,0.0000,0.0065,124,124,100.00
A2018225,2018-08-13,MOD17A2H,PsnNet_500m,0.0023,0.0254,1.8057,0.0231,0.0146,0.0000,0.0063,124,124,100.00
A2018233,2018-08-21,MOD17A2H,PsnNet_500m,0.0019,0.0151,1.1890,0.0132,0.0096,0.0000,0.0037,124,124,100.00
A2018241,2018-08-29,MOD17A2H,PsnNet_500m,0.0010,0.0100,0.3192,0.0090,0.0028,0.0000,0.0017,124,115,92.74
A2018249,2018-09-06,MOD17A2H,PsnNet_500m,0.0008,0.0067,0.4966,0.0059,0.0040,0.0000,0.0017,124,124,100.00
A2018257,2018-09-14,MOD17A2H,PsnNet_500m,0.0011,0.0106,0.5241,0.0095,0.0042,0.0000,0.0019,124,124,100.00
A2018265,2018-09-22,MOD17A2H,PsnNet_500m,0.0007,0.0039,0.1623,0.0032,0.0015,0.0000,0.0009,124,107,86.29
A2018273,2018-09-30,MOD17A2H,PsnNet_500m,0.0002,0.0013,0.0536,0.0011,0.0005,0.0000,0.0003,124,110,88.71
A2018281,2018-10-08,MOD17A2H,PsnNet_500m,,,,,,,,124,0,0.00
A2018289,2018-10-16,MOD17A2H,PsnNet_500m,,,,,,,,124,0,0.00
A2018297,2018-10-24,MOD17A2H,PsnNet_500m,,,,,,,,124,0,0.00
A2018305,2018-11-01,MOD17A2H,PsnNet_500m,,,,,,,,124,0,0.00
A2018313,2018-11-09,MOD17A2H,PsnNet_500m,,,,,,,,124,0,0.00
A2018321,2018-11-17,MOD17A2H,PsnNet_500m,,,,,,,,124,0,0.00
A2018329,2018-11-25,MOD17A2H,PsnNet_500m,,,,,,,,124,0,0.00
A2018337,2018-12-03,MOD17A2H,PsnNet_500m,,,,,,,,124,0,0.00
A2018345,2018-12-11,MOD17A2H,PsnNet_500m,,,,,,,,124,0,0.00
A2018353,2018-12-19,MOD17A2H,PsnNet_500m,,,,,,,,124,0,0.00
A2018361,2018-12-27,MOD17A2H,PsnNet_500m,,,,,,,,124,0,0.00
A2019001,2019-01-01,MOD17A2H,PsnNet_500m,,,,,,,,124,0,0.00
A2019009,2019-01-09,MOD17A2H,PsnNet_500m,,,,,,,,124,0,0.00
A2019017,2019-01-17,MOD17A2H,PsnNet_500m,,,,,,,,124,0,0.00
A2019025,2019-01-25,MOD17A2H,PsnNet_500m,,,,,,,,124,0,0.00
A2019033,2019-02-02,MOD17A2H,PsnNet_500m,,,,,,,,124,0,0.00
A2019041,2019-02-10,MOD17A2H,PsnNet_500m,,,,,,,,124,0,0.00
A2019049,2019-02-18,MOD17A2H,PsnNet_500m,,,,,,,,124,0,0.00
A2019057,2019-02-26,MOD17A2H,PsnNet_500m,,,,,,,,124,0,0.00
A2019065,2019-03-06,MOD17A2H,PsnNet_500m,0.0000,0.0000,0.0000,0.0000,0.0000,0.0000,0.0000,124,5,4.03
A2019073,2019-03-14,MOD17A2H,PsnNet_500m,0.0001,0.0004,0.0048,0.0003,0.0002,0.0000,0.0001,124,25,20.16
A2019081,2019-03-22,MOD17A2H,PsnNet_500m,0.0000,0.0003,0.0008,0.0003,0.0000,0.0000,0.0001,124,28,22.58
A2019089,2019-03-30,MOD17A2H,PsnNet_500m,0.0000,0.0002,0.0010,0.0002,0.0000,0.0000,0.0001,124,20,16.13
A2019097,2019-04-07,MOD17A2H,PsnNet_500m,0.0000,0.0001,0.0004,0.0001,0.0000,0.0000,0.0000,124,17,13.71
A2019105,2019-04-15,MOD17A2H,PsnNet_500m,0.0001,0.0002,0.0028,0.0001,0.0001,0.0000,0.0000,124,26,20.97
A2019113,2019-04-23,MOD17A2H,PsnNet_500m,0.0003,0.0008,0.0056,0.0005,0.0005,0.0000,0.0002,124,12,9.68
A2019121,2019-05-01,MOD17A2H,PsnNet_500m,0.0004,0.0010,0.0177,0.0006,0.0005,0.0000,0.0002,124,36,29.03
A2019129,2019-05-09,MOD17A2H,PsnNet_500m,0.0022,0.0180,0.9953,0.0158,0.0080,0.0000,0.0044,124,124,100.00
A2019137,2019-05-17,MOD17A2H,PsnNet_500m,0.0037,0.0342,2.2669,0.0305,0.0183,0.0001,0.0090,124,124,100.00
A2019145,2019-05-25,MOD17A2H,PsnNet_500m,0.0033,0.0338,1.6973,0.0305,0.0140,0.0001,0.0079,124,121,97.58
A2019153,2019-06-02,MOD17A2H,PsnNet_500m,0.0083,0.0393,3.0417,0.0310,0.0245,0.0001,0.0084,124,124,100.00
A2019161,2019-06-10,MOD17A2H,PsnNet_500m,0.0028,0.0348,1.9202,0.0320,0.0183,0.0001,0.0092,124,105,84.68
A2019169,2019-06-18,MOD17A2H,PsnNet_500m,0.0198,0.0543,4.7407,0.0345,0.0382,0.0001,0.0106,124,124,100.00
A2019177,2019-06-26,MOD17A2H,PsnNet_500m,0.0094,0.0560,4.2450,0.0466,0.0342,0.0001,0.0121,124,124,100.00
A2019185,2019-07-04,MOD17A2H,PsnNet_500m,0.0049,0.0585,4.7769,0.0536,0.0401,0.0002,0.0127,124,119,95.97
A2019193,2019-07-12,MOD17A2H,PsnNet_500m,0.0217,0.0594,5.2347,0.0377,0.0422,0.0001,0.0089,124,124,100.00
A2019201,2019-07-20,MOD17A2H,PsnNet_500m,0.0214,0.0542,4.9980,0.0328,0.0403,0.0001,0.0090,124,124,100.00
A2019209,2019-07-28,MOD17A2H,PsnNet_500m,0.0054,0.0396,3.4499,0.0342,0.0278,0.0001,0.0100,124,124,100.00
A2019217,2019-08-05,MOD17A2H,PsnNet_500m,0.0090,0.0263,2.2489,0.0173,0.0181,0.0000,0.0041,124,124,100.00
A2019225,2019-08-13,MOD17A2H,PsnNet_500m,0.0031,0.0217,1.4030,0.0186,0.0113,0.0000,0.0054,124,124,100.00
A2019233,2019-08-21,MOD17A2H,PsnNet_500m,0.0043,0.0223,1.5615,0.0180,0.0126,0.0000,0.0042,124,124,100.00
A2019241,2019-08-29,MOD17A2H,PsnNet_500m,0.0011,0.0063,0.1991,0.0052,0.0019,0.0000,0.0010,124,103,83.06
A2019249,2019-09-06,MOD17A2H,PsnNet_500m,0.0025,0.0178,1.0065,0.0153,0.0081,0.0000,0.0036,124,124,100.00
A2019257,2019-09-14,MOD17A2H,PsnNet_500m,0.0007,0.0059,0.2491,0.0052,0.0020,0.0000,0.0013,124,124,100.00
A2019265,2019-09-22,MOD17A2H,PsnNet_500m,0.0008,0.0045,0.2727,0.0037,0.0022,0.0000,0.0010,124,124,100.00
A2019273,2019-09-30,MOD17A2H,PsnNet_500m,0.0004,0.0014,0.0642,0.0010,0.0006,0.0000,0.0001,124,108,87.10
A2019281,2019-10-08,MOD17A2H,PsnNet_500m,,,,,,,,124,0,0.00
A2019289,2019-10-16,MOD17A2H,PsnNet_500m,,,,,,,,124,0,0.00
A2019297,2019-10-24,MOD17A2H,PsnNet_500m,,,,,,,,124,0,0.00
A2019305,2019-11-01,MOD17A2H,PsnNet_500m,,,,,,,,124,0,0.00
A2019313,2019-11-09,MOD17A2H,PsnNet_500m,,,,,,,,124,0,0.00
A2019321,2019-11-17,MOD17A2H,PsnNet_500m,,,,,,,,124,0,0.00
A2019329,2019-11-25,MOD17A2H,PsnNet_500m,,,,,,,,124,0,0.00
A2019337,2019-12-03,MOD17A2H,PsnNet_500m,,,,,,,,124,0,0.00
A2019345,2019-12-11,MOD17A2H,PsnNet_500m,,,,,,,,124,0,0.00
A2019353,2019-12-19,MOD17A2H,PsnNet_500m,,,,,,,,124,0,0.00
A2019361,2019-12-27,MOD17A2H,PsnNet_500m,,,,,,,,124,0,0.00
A2020001,2020-01-01,MOD17A2H,PsnNet_500m,,,,,,,,124,0,0.00
A2020009,2020-01-09,MOD17A2H,PsnNet_500m,,,,,,,,124,0,0.00
A2020017,2020-01-17,MOD17A2H,PsnNet_500m,,,,,,,,124,0,0.00
A2020025,2020-01-25,MOD17A2H,PsnNet_500m,,,,,,,,124,0,0.00
A2020033,2020-02-02,MOD17A2H,PsnNet_500m,,,,,,,,124,0,0.00
A2020041,2020-02-10,MOD17A2H,PsnNet_500m,,,,,,,,124,0,0.00
A2020049,2020-02-18,MOD17A2H,PsnNet_500m,,,,,,,,124,0,0.00
A2020057,2020-02-26,MOD17A2H,PsnNet_500m,,,,,,,,124,0,0.00
A2020065,2020-03-05,MOD17A2H,PsnNet_500m,0.0000,0.0000,0.0000,0.0000,0.0000,0.0000,0.0000,124,6,4.84
A2020073,2020-03-13,MOD17A2H,PsnNet_500m,0.0000,0.0000,0.0000,0.0000,0.0000,0.0000,0.0000,124,7,5.65
A2020081,2020-03-21,MOD17A2H,PsnNet_500m,0.0000,0.0000,0.0000,0.0000,0.0000,0.0000,0.0000,124,3,2.42
A2020089,2020-03-29,MOD17A2H,PsnNet_500m,0.0000,0.0000,0.0000,0.0000,0.0000,0.0000,0.0000,124,2,1.61
A2020097,2020-04-06,MOD17A2H,PsnNet_500m,0.0001,0.0001,0.0007,0.0000,0.0001,0.0000,0.0000,124,7,5.65
A2020105,2020-04-14,MOD17A2H,PsnNet_500m,0.0007,0.0007,0.0077,0.0000,0.0007,0.0000,0.0000,124,11,8.87
A2020113,2020-04-22,MOD17A2H,PsnNet_500m,0.0000,0.0000,0.0000,0.0000,0.0000,0.0000,0.0000,124,8,6.45
A2020121,2020-04-30,MOD17A2H,PsnNet_500m,0.0004,0.0010,0.0098,0.0006,0.0005,0.0000,0.0002,124,20,16.13
A2020129,2020-05-08,MOD17A2H,PsnNet_500m,0.0013,0.0095,0.5414,0.0082,0.0044,0.0000,0.0020,124,124,100.00
A2020137,2020-05-16,MOD17A2H,PsnNet_500m,0.0014,0.0114,0.7574,0.0100,0.0061,0.0000,0.0028,124,124,100.00
A2020145,2020-05-24,MOD17A2H,PsnNet_500m,0.0070,0.0324,2.5112,0.0254,0.0203,0.0001,0.0074,124,124,100.00
A2020153,2020-06-01,MOD17A2H,PsnNet_500m,0.0062,0.0356,2.4677,0.0294,0.0199,0.0000,0.0067,124,124,100.00
A2020161,2020-06-09,MOD17A2H,PsnNet_500m,0.0126,0.0480,4.2960,0.0354,0.0346,0.0001,0.0091,124,124,100.00
A2020169,2020-06-17,MOD17A2H,PsnNet_500m,0.0030,0.0283,1.8831,0.0253,0.0154,0.0000,0.0053,124,122,98.39
A2020177,2020-06-25,MOD17A2H,PsnNet_500m,0.0030,0.0359,3.0821,0.0329,0.0249,0.0000,0.0064,124,124,100.00
A2020185,2020-07-03,MOD17A2H,PsnNet_500m,0.0031,0.0289,0.7729,0.0258,0.0085,0.0000,0.0048,124,91,73.39
A2020193,2020-07-11,MOD17A2H,PsnNet_500m,0.0037,0.0480,3.7452,0.0443,0.0304,0.0001,0.0094,124,123,99.19
A2020201,2020-07-19,MOD17A2H,PsnNet_500m,0.0025,0.0275,1.9455,0.0250,0.0157,0.0000,0.0048,124,124,100.00
A2020209,2020-07-27,MOD17A2H,PsnNet_500m,0.0224,0.0417,4.0263,0.0193,0.0325,0.0000,0.0050,124,124,100.00
A2020217,2020-08-04,MOD17A2H,PsnNet_500m,0.0158,0.0346,2.9370,0.0188,0.0237,0.0000,0.0041,124,124,100.00
A2020225,2020-08-12,MOD17A2H,PsnNet_500m,0.0132,0.0268,2.5595,0.0136,0.0206,0.0000,0.0032,124,124,100.00
A2020233,2020-08-20,MOD17A2H,PsnNet_500m,0.0071,0.0228,1.8672,0.0157,0.0151,0.0000,0.0043,124,124,100.00
A2020241,2020-08-28,MOD17A2H,PsnNet_500m,0.0024,0.0115,0.8465,0.0091,0.0068,0.0000,0.0021,124,124,100.00
A2020249,2020-09-05,MOD17A2H,PsnNet_500m,0.0030,0.0125,0.9659,0.0095,0.0078,0.0000,0.0022,124,124,100.00
A2020257,2020-09-13,MOD17A2H,PsnNet_500m,0.0022,0.0105,0.7051,0.0083,0.0057,0.0000,0.0015,124,124,100.00
A2020265,2020-09-21,MOD17A2H,PsnNet_500m,0.0007,0.0037,0.2577,0.0030,0.0021,0.0000,0.0008,124,124,100.00
A2020273,2020-09-29,MOD17A2H,PsnNet_500m,0.0006,0.0031,0.2367,0.0025,0.0019,0.0000,0.0006,124,124,100.00
A2020281,2020-10-07,MOD17A2H,PsnNet_500m,,,,,,,,124,0,0.00
A2020289,2020-10-15,MOD17A2H,PsnNet_500m,,,,,,,,124,0,0.00
A2020297,2020-10-23,MOD17A2H,PsnNet_500m,,,,,,,,124,0,0.00
A2020305,2020-10-31,MOD17A2H,PsnNet_500m,,,,,,,,124,0,0.00
A2020313,2020-11-08,MOD17A2H,PsnNet_500m,,,,,,,,124,0,0.00
A2020321,2020-11-16,MOD17A2H,PsnNet_500m,,,,,,,,124,0,0.00
A2020329,2020-11-24,MOD17A2H,PsnNet_500m,,,,,,,,124,0,0.00
A2020337,2020-12-02,MOD17A2H,PsnNet_500m,,,,,,,,124,0,0.00
A2020345,2020-12-10,MOD17A2H,PsnNet_500m,,,,,,,,124,0,0.00
A2020353,2020-12-18,MOD17A2H,PsnNet_500m,,,,,,,,124,0,0.00
A2020361,2020-12-26,MOD17A2H,PsnNet_500m,,,,,,,,124,0,0.00
A2021001,2021-01-01,MOD17A2H,PsnNet_500m,,,,,,,,124,0,0.00
A2021009,2021-01-09,MOD17A2H,PsnNet_500m,,,,,,,,124,0,0.00
A2021017,2021-01-17,MOD17A2H,PsnNet_500m,,,,,,,,124,0,0.00
A2021025,2021-01-25,MOD17A2H,PsnNet_500m,,,,,,,,124,0,0.00
A2021033,2021-02-02,MOD17A2H,PsnNet_500m,,,,,,,,124,0,0.00
A2021041,2021-02-10,MOD17A2H,PsnNet_500m,,,,,,,,124,0,0.00
A2021049,2021-02-18,MOD17A2H,PsnNet_500m,,,,,,,,124,0,0.00
A2021057,2021-02-26,MOD17A2H,PsnNet_500m,,,,,,,,124,0,0.00
A2021065,2021-03-06,MOD17A2H,PsnNet_500m,0.0000,0.0000,0.0000,0.0000,0.0000,0.0000,0.0000,124,10,8.06
A2021073,2021-03-14,MOD17A2H,PsnNet_500m,0.0000,0.0000,0.0000,0.0000,0.0000,0.0000,0.0000,124,20,16.13
A2021081,2021-03-22,MOD17A2H,PsnNet_500m,0.0000,0.0000,0.0000,0.0000,0.0000,0.0000,0.0000,124,13,10.48
A2021089,2021-03-30,MOD17A2H,PsnNet_500m,0.0000,0.0000,0.0000,0.0000,0.0000,0.0000,0.0000,124,7,5.65
A2021097,2021-04-07,MOD17A2H,PsnNet_500m,0.0000,0.0000,0.0000,0.0000,0.0000,0.0000,0.0000,124,9,7.26
A2021105,2021-04-15,MOD17A2H,PsnNet_500m,0.0004,0.0008,0.0071,0.0004,0.0004,0.0000,0.0001,124,16,12.90
A2021113,2021-04-23,MOD17A2H,PsnNet_500m,0.0003,0.0014,0.0208,0.0011,0.0005,0.0000,0.0002,124,39,31.45
A2021121,2021-05-01,MOD17A2H,PsnNet_500m,0.0006,0.0031,0.1037,0.0025,0.0009,0.0000,0.0005,124,111,89.52
A2021129,2021-05-09,MOD17A2H,PsnNet_500m,0.0013,0.0102,0.5945,0.0089,0.0048,0.0000,0.0022,124,124,100.00
A2021137,2021-05-17,MOD17A2H,PsnNet_500m,0.0039,0.0180,1.2865,0.0141,0.0104,0.0000,0.0032,124,124,100.00
A2021145,2021-05-25,MOD17A2H,PsnNet_500m,0.0020,0.0106,0.6931,0.0086,0.0056,0.0000,0.0018,124,124,100.00
A2021153,2021-06-02,MOD17A2H,PsnNet_500m,0.0045,0.0266,1.7832,0.0221,0.0144,0.0000,0.0039,124,124,100.00
A2021161,2021-06-10,MOD17A2H,PsnNet_500m,0.0223,0.0489,4.6184,0.0266,0.0372,0.0001,0.0073,124,124,100.00
A2021169,2021-06-18,MOD17A2H,PsnNet_500m,0.0300,0.0611,5.7846,0.0311,0.0466,0.0001,0.0071,124,124,100.00
A2021177,2021-06-26,MOD17A2H,PsnNet_500m,0.0373,0.0684,6.6321,0.0311,0.0535,0.0001,0.0078,124,124,100.00
A2021185,2021-07-04,MOD17A2H,PsnNet_500m,0.0260,0.0547,5.0069,0.0287,0.0404,0.0000,0.0050,124,124,100.00
A2021193,2021-07-12,MOD17A2H,PsnNet_500m,0.0332,0.0580,5.7358,0.0248,0.0463,0.0000,0.0049,124,124,100.00
A2021201,2021-07-20,MOD17A2H,PsnNet_500m,0.0247,0.0508,4.8926,0.0261,0.0395,0.0000,0.0047,124,124,100.00
A2021209,2021-07-28,MOD17A2H,PsnNet_500m,0.0242,0.0495,4.9581,0.0253,0.0400,0.0000,0.0046,124,124,100.00
A2021217,2021-08-05,MOD17A2H,PsnNet_500m,0.0125,0.0249,2.3072,0.0124,0.0186,0.0000,0.0029,124,124,100.00
A2021225,2021-08-13,MOD17A2H,PsnNet_500m,0.0061,0.0247,2.0231,0.0186,0.0163,0.0000,0.0038,124,124,100.00
A2021233,2021-08-21,MOD17A2H,PsnNet_500m,0.0025,0.0133,0.9946,0.0108,0.0080,0.0000,0.0016,124,124,100.00
A2021241,2021-08-29,MOD17A2H,PsnNet_500m,0.0084,0.0162,1.5170,0.0078,0.0122,0.0000,0.0018,124,124,100.00
A2021249,2021-09-06,MOD17A2H,PsnNet_500m,0.0066,0.0161,1.3196,0.0095,0.0106,0.0000,0.0023,124,124,100.00
A2021257,2021-09-14,MOD17A2H,PsnNet_500m,0.0020,0.0062,0.4981,0.0042,0.0040,0.0000,0.0010,124,124,100.00
A2021265,2021-09-22,MOD17A2H,PsnNet_500m,0.0000,0.0001,0.0005,0.0001,0.0000,0.0000,0.0000,124,21,16.94
A2021273,2021-09-30,MOD17A2H,PsnNet_500m,0.0000,0.0000,0.0000,0.0000,0.0000,0.0000,0.0000,124,16,12.90
A2021281,2021-10-08,MOD17A2H,PsnNet_500m,,,,,,,,124,0,0.00
A2021289,2021-10-16,MOD17A2H,PsnNet_500m,,,,,,,,124,0,0.00
A2021297,2021-10-24,MOD17A2H,PsnNet_500m,,,,,,,,124,0,0.00
A2021305,2021-11-01,MOD17A2H,PsnNet_500m,,,,,,,,124,0,0.00
A2021313,2021-11-09,MOD17A2H,PsnNet_500m,,,,,,,,124,0,0.00
A2021321,2021-11-17,MOD17A2H,PsnNet_500m,,,,,,,,124,0,0.00
A2021329,2021-11-25,MOD17A2H,PsnNet_500m,,,,,,,,124,0,0.00
A2021337,2021-12-03,MOD17A2H,PsnNet_500m,,,,,,,,124,0,0.00
A2021345,2021-12-11,MOD17A2H,PsnNet_500m,,,,,,,,124,0,0.00
A2021353,2021-12-19,MOD17A2H,PsnNet_500m,,,,,,,,124,0,0.00
A2021361,2021-12-27,MOD17A2H,PsnNet_500m,,,,,,,,124,0,0.00
