date[YYYYDDD],date,product,band,min,max,sum,range,mean,variance,standard_deviation,tot_pixels,pixels_pass_qa,per_cent_pixels_pass_qa
A2010001,2010-01-01,MOD17A2H,PsnNet_500m,,,,,,,,169,0,0.00
A2010009,2010-01-09,MOD17A2H,PsnNet_500m,,,,,,,,169,0,0.00
A2010017,2010-01-17,MOD17A2H,PsnNet_500m,,,,,,,,169,0,0.00
A2010025,2010-01-25,MOD17A2H,PsnNet_500m,,,,,,,,169,0,0.00
A2010033,2010-02-02,MOD17A2H,PsnNet_500m,,,,,,,,169,0,0.00
A2010041,2010-02-10,MOD17A2H,PsnNet_500m,,,,,,,,169,0,0.00
A2010049,2010-02-18,MOD17A2H,PsnNet_500m,,,,,,,,169,0,0.00
A2010057,2010-02-26,MOD17A2H,PsnNet_500m,,,,,,,,169,0,0.00
A2010065,2010-03-06,MOD17A2H,PsnNet_500m,,,,,,,,169,0,0.00
A2010073,2010-03-14,MOD17A2H,PsnNet_500m,,,,,,,,169,0,0.00
A2010081,2010-03-22,MOD17A2H,PsnNet_500m,,,,,,,,169,0,0.00
A2010089,2010-03-30,MOD17A2H,PsnNet_500m,0.0000,0.0000,0.0000,0.0000,0.0000,0.0000,0.0000,169,11,6.51
A2010097,2010-04-07,MOD17A2H,PsnNet_500m,,,,,,,,169,0,0.00
A2010105,2010-04-15,MOD17A2H,PsnNet_500m,0.0005,0.0013,0.0298,0.0008,0.0007,0.0000,0.0003,169,40,23.67
A2010113,2010-04-23,MOD17A2H,PsnNet_500m,0.0000,0.0142,1.2396,0.0142,0.0075,0.0000,0.0031,169,166,98.22
A2010121,2010-05-01,MOD17A2H,PsnNet_500m,0.0000,0.0032,0.2747,0.0032,0.0016,0.0000,0.0007,169,168,99.41
A2010129,2010-05-09,MOD17A2H,PsnNet_500m,0.0000,0.0079,0.7208,0.0079,0.0043,0.0000,0.0015,169,168,99.41
A2010137,2010-05-17,MOD17A2H,PsnNet_500m,0.0000,0.0248,2.1391,0.0248,0.0127,0.0000,0.0049,169,168,99.41
A2010145,2010-05-25,MOD17A2H,PsnNet_500m,0.0000,0.0494,4.7058,0.0494,0.0280,0.0001,0.0091,169,168,99.41
A2010153,2010-06-02,MOD17A2H,PsnNet_500m,0.0000,0.0483,4.9483,0.0483,0.0295,0.0001,0.0077,169,168,99.41
A2010161,2010-06-10,MOD17A2H,PsnNet_500m,0.0000,0.0378,3.9026,0.0378,0.0234,0.0001,0.0075,169,167,98.82
A2010169,2010-06-18,MOD17A2H,PsnNet_500m,0.0000,0.0631,6.7689,0.0631,0.0403,0.0001,0.0105,169,168,99.41
A2010177,2010-06-26,MOD17A2H,PsnNet_500m,0.0000,0.0591,6.1118,0.0591,0.0364,0.0001,0.0116,169,168,99.41
A2010185,2010-07-04,MOD17A2H,PsnNet_500m,0.0000,0.0617,6.3851,0.0617,0.0380,0.0001,0.0121,169,168,99.41
A2010193,2010-07-12,MOD17A2H,PsnNet_500m,0.0000,0.0429,4.5040,0.0429,0.0271,0.0001,0.0088,169,166,98.22
A2010201,2010-07-20,MOD17A2H,PsnNet_500m,0.0000,0.0427,4.0228,0.0427,0.0239,0.0001,0.0081,169,168,99.41
A2010209,2010-07-28,MOD17A2H,PsnNet_500m,0.0000,0.0475,4.8012,0.0475,0.0286,0.0001,0.0104,169,168,99.41
A2010217,2010-08-05,MOD17A2H,PsnNet_500m,0.0000,0.0431,4.3155,0.0431,0.0257,0.0001,0.0080,169,168,99.41
A2010225,2010-08-13,MOD17A2H,PsnNet_500m,0.0000,0.0517,5.3623,0.0517,0.0319,0.0001,0.0083,169,168,99.41
A2010233,2010-08-21,MOD17A2H,PsnNet_500m,0.0000,0.0214,1.6841,0.0214,0.0101,0.0000,0.0038,169,167,98.82
A2010241,2010-08-29,MOD17A2H,PsnNet_500m,0.0000,0.0201,2.2361,0.0201,0.0133,0.0000,0.0036,169,168,99.41
A2010249,2010-09-06,MOD17A2H,PsnNet_500m,0.0000,0.0134,1.4628,0.0134,0.0087,0.0000,0.0025,169,168,99.41
A2010257,2010-09-14,MOD17A2H,PsnNet_500m,0.0000,0.0068,0.5768,0.0068,0.0034,0.0000,0.0012,169,168,99.41
A2010265,2010-09-22,MOD17A2H,PsnNet_500m,0.0000,0.0021,0.0946,0.0021,0.0006,0.0000,0.0004,169,153,90.53
A2010273,2010-09-30,MOD17A2H,PsnNet_500m,,,,,,,,169,0,0.00
A2010281,2010-10-08,MOD17A2H,PsnNet_500m,,,,,,,,169,0,0.00
A2010289,2010-10-16,MOD17A2H,PsnNet_500m,,,,,,,,169,0,0.00
A2010297,2010-10-24,MOD17A2H,PsnNet_500m,,,,,,,,169,0,0.00
A2010305,2010-11-01,MOD17A2H,PsnNet_500m,,,,,,,,169,0,0.00
A2010313,2010-11-09,MOD17A2H,PsnNet_500m,,,,,,,,169,0,0.00
A2010321,2010-11-17,MOD17A2H,PsnNet_500m,,,,,,,,169,0,0.00
A2010329,2010-11-25,MOD17A2H,PsnNet_500m,,,,,,,,169,0,0.00
A2010337,2010-12-03,MOD17A2H,PsnNet_500m,,,,,,,,169,0,0.00
A2010345,2010-12-11,MOD17A2H,PsnNet_500m,,,,,,,,169,0,0.00
A2010353,2010-12-19,MOD17A2H,PsnNet_500m,,,,,,,,169,0,0.00
A2010361,2010-12-27,MOD17A2H,PsnNet_500m,,,,,,,,169,0,0.00
A2011001,2011-01-01,MOD17A2H,PsnNet_500m,,,,,,,,169,0,0.00
A2011009,2011-01-09,MOD17A2H,PsnNet_500m,,,,,,,,169,0,0.00
A2011017,2011-01-17,MOD17A2H,PsnNet_500m,,,,,,,,169,0,0.00
A2011025,2011-01-25,MOD17A2H,PsnNet_500m,,,,,,,,169,0,0.00
A2011033,2011-02-02,MOD17A2H,PsnNet_500m,,,,,,,,169,0,0.00
A2011041,2011-02-10,MOD17A2H,PsnNet_500m,,,,,,,,169,0,0.00
A2011049,2011-02-18,MOD17A2H,PsnNet_500m,,,,,,,,169,0,0.00
A2011057,2011-02-26,MOD17A2H,PsnNet_500m,,,,,,,,169,0,0.00
A2011065,2011-03-06,MOD17A2H,PsnNet_500m,,,,,,,,169,0,0.00
A2011073,2011-03-14,MOD17A2H,PsnNet_500m,0.0000,0.0000,0.0000,0.0000,0.0000,0.0000,0.0000,169,3,1.78
A2011081,2011-03-22,MOD17A2H,PsnNet_500m,,,,,,,,169,0,0.00
A2011089,2011-03-30,MOD17A2H,PsnNet_500m,,,,,,,,169,0,0.00
A2011097,2011-04-07,MOD17A2H,PsnNet_500m,,,,,,,,169,0,0.00
A2011105,2011-04-15,MOD17A2H,PsnNet_500m,0.0000,0.0000,0.0000,0.0000,0.0000,0.0000,0.0000,169,3,1.78
A2011113,2011-04-23,MOD17A2H,PsnNet_500m,,,,,,,,169,0,0.00
A2011121,2011-05-01,MOD17A2H,PsnNet_500m,,,,,,,,169,0,0.00
A2011129,2011-05-09,MOD17A2H,PsnNet_500m,,,,,,,,169,0,0.00
A2011137,2011-05-17,MOD17A2H,PsnNet_500m,0.0000,0.0313,2.7845,0.0313,0.0166,0.0000,0.0062,169,168,99.41
A2011145,2011-05-25,MOD17A2H,PsnNet_500m,0.0000,0.0380,4.2370,0.0380,0.0252,0.0000,0.0069,169,168,99.41
A2011153,2011-06-02,MOD17A2H,PsnNet_500m,0.0000,0.0298,3.2109,0.0298,0.0191,0.0000,0.0052,169,168,99.41
A2011161,2011-06-10,MOD17A2H,PsnNet_500m,0.0000,0.0352,3.2185,0.0352,0.0200,0.0001,0.0078,169,161,95.27
A2011169,2011-06-18,MOD17A2H,PsnNet_500m,0.0000,0.0609,6.6504,0.0609,0.0396,0.0001,0.0114,169,168,99.41
A2011177,2011-06-26,MOD17A2H,PsnNet_500m,0.0000,0.0634,7.1314,0.0634,0.0424,0.0001,0.0111,169,168,99.41
A2011185,2011-07-04,MOD17A2H,PsnNet_500m,0.0000,0.0628,5.9944,0.0628,0.0377,0.0002,0.0129,169,159,94.08
A2011193,2011-07-12,MOD17A2H,PsnNet_500m,0.0000,0.0529,5.4052,0.0529,0.0322,0.0001,0.0109,169,168,99.41
A2011201,2011-07-20,MOD17A2H,PsnNet_500m,0.0000,0.0571,6.3094,0.0571,0.0376,0.0001,0.0117,169,168,99.41
A2011209,2011-07-28,MOD17A2H,PsnNet_500m,0.0000,0.0495,5.1130,0.0495,0.0304,0.0001,0.0114,169,168,99.41
A2011217,2011-08-05,MOD17A2H,PsnNet_500m,0.0000,0.0423,3.8940,0.0423,0.0232,0.0001,0.0072,169,168,99.41
A2011225,2011-08-13,MOD17A2H,PsnNet_500m,0.0000,0.0270,2.9230,0.0270,0.0174,0.0000,0.0046,169,168,99.41
A2011233,2011-08-21,MOD17A2H,PsnNet_500m,0.0000,0.0355,3.7757,0.0355,0.0225,0.0000,0.0059,169,168,99.41
A2011241,2011-08-29,MOD17A2H,PsnNet_500m,0.0000,0.0205,2.1345,0.0205,0.0127,0.0000,0.0038,169,168,99.41
A2011249,2011-09-06,MOD17A2H,PsnNet_500m,0.0000,0.0123,1.2962,0.0123,0.0077,0.0000,0.0024,169,168,99.41
A2011257,2011-09-14,MOD17A2H,PsnNet_500m,0.0000,0.0074,0.6601,0.0074,0.0039,0.0000,0.0013,169,168,99.41
A2011265,2011-09-22,MOD17A2H,PsnNet_500m,0.0000,0.0027,0.1626,0.0027,0.0010,0.0000,0.0007,169,165,97.63
A2011273,2011-09-30,MOD17A2H,PsnNet_500m,,,,,,,,169,0,0.00
A2011281,2011-10-08,MOD17A2H,PsnNet_500m,,,,,,,,169,0,0.00
A2011289,2011-10-16,MOD17A2H,PsnNet_500m,,,,,,,,169,0,0.00
A2011297,2011-10-24,MOD17A2H,PsnNet_500m,,,,,,,,169,0,0.00
A2011305,2011-11-01,MOD17A2H,PsnNet_500m,,,,,,,,169,0,0.00
A2011313,2011-11-09,MOD17A2H,PsnNet_500m,,,,,,,,169,0,0.00
A2011321,2011-11-17,MOD17A2H,PsnNet_500m,,,,,,,,169,0,0.00
A2011329,2011-11-25,MOD17A2H,PsnNet_500m,,,,,,,,169,0,0.00
A2011337,2011-12-03,MOD17A2H,PsnNet_500m,,,,,,,,169,0,0.00
A2011345,2011-12-11,MOD17A2H,PsnNet_500m,,,,,,,,169,0,0.00
A2011353,2011-12-19,MOD17A2H,PsnNet_500m,,,,,,,,169,0,0.00
A2011361,2011-12-27,MOD17A2H,PsnNet_500m,,,,,,,,169,0,0.00
A2012001,2012-01-01,MOD17A2H,PsnNet_500m,,,,,,,,169,0,0.00
A2012009,2012-01-09,MOD17A2H,PsnNet_500m,,,,,,,,169,0,0.00
A2012017,2012-01-17,MOD17A2H,PsnNet_500m,,,,,,,,169,0,0.00
A2012025,2012-01-25,MOD17A2H,PsnNet_500m,,,,,,,,169,0,0.00
A2012033,2012-02-02,MOD17A2H,PsnNet_500m,,,,,,,,169,0,0.00
A2012041,2012-02-10,MOD17A2H,PsnNet_500m,,,,,,,,169,0,0.00
A2012049,2012-02-18,MOD17A2H,PsnNet_500m,,,,,,,,169,0,0.00
A2012057,2012-02-26,MOD17A2H,PsnNet_500m,,,,,,,,169,0,0.00
A2012065,2012-03-05,MOD17A2H,PsnNet_500m,,,,,,,,169,0,0.00
A2012073,2012-03-13,MOD17A2H,PsnNet_500m,,,,,,,,169,0,0.00
A2012081,2012-03-21,MOD17A2H,PsnNet_500m,,,,,,,,169,0,0.00
A2012089,2012-03-29,MOD17A2H,PsnNet_500m,,,,,,,,169,0,0.00
A2012097,2012-04-06,MOD17A2H,PsnNet_500m,,,,,,,,169,0,0.00
A2012105,2012-04-14,MOD17A2H,PsnNet_500m,,,,,,,,169,0,0.00
A2012113,2012-04-22,MOD17A2H,PsnNet_500m,,,,,,,,169,0,0.00
A2012121,2012-04-30,MOD17A2H,PsnNet_500m,,,,,,,,169,0,0.00
A2012129,2012-05-08,MOD17A2H,PsnNet_500m,,,,,,,,169,0,0.00
A2012137,2012-05-16,MOD17A2H,PsnNet_500m,0.0000,0.0260,2.1346,0.0260,0.0128,0.0000,0.0052,169,167,98.82
A2012145,2012-05-24,MOD17A2H,PsnNet_500m,0.0000,0.0334,3.2057,0.0334,0.0191,0.0000,0.0061,169,168,99.41
A2012153,2012-06-01,MOD17A2H,PsnNet_500m,0.0000,0.0405,3.8178,0.0405,0.0227,0.0000,0.0067,169,168,99.41
A2012161,2012-06-09,MOD17A2H,PsnNet_500m,0.0000,0.0648,6.9346,0.0648,0.0413,0.0001,0.0104,169,168,99.41
A2012169,2012-06-17,MOD17A2H,PsnNet_500m,0.0000,0.0668,6.9580,0.0668,0.0414,0.0002,0.0123,169,168,99.41
A2012177,2012-06-25,MOD17A2H,PsnNet_500m,0.0000,0.0675,6.9519,0.0675,0.0414,0.0002,0.0138,169,168,99.41
A2012185,2012-07-03,MOD17A2H,PsnNet_500m,0.0000,0.0541,5.4208,0.0541,0.0323,0.0001,0.0120,169,168,99.41
A2012193,2012-07-11,MOD17A2H,PsnNet_500m,0.0000,0.0526,5.4672,0.0526,0.0325,0.0001,0.0112,169,168,99.41
A2012201,2012-07-19,MOD17A2H,PsnNet_500m,0.0000,0.0566,3.6630,0.0566,0.0238,0.0002,0.0130,169,154,91.12
A2012209,2012-07-27,MOD17A2H,PsnNet_500m,0.0000,0.0524,5.3345,0.0524,0.0318,0.0001,0.0118,169,168,99.41
A2012217,2012-08-04,MOD17A2H,PsnNet_500m,0.0000,0.0504,4.9379,0.0504,0.0294,0.0001,0.0088,169,168,99.41
A2012225,2012-08-12,MOD17A2H,PsnNet_500m,0.0000,0.0430,4.4020,0.0430,0.0262,0.0001,0.0077,169,168,99.41
A2012233,2012-08-20,MOD17A2H,PsnNet_500m,0.0000,0.0386,4.1164,0.0386,0.0245,0.0001,0.0072,169,168,99.41
A2012241,2012-08-28,MOD17A2H,PsnNet_500m,0.0000,0.0185,1.9805,0.0185,0.0118,0.0000,0.0033,169,168,99.41
A2012249,2012-09-05,MOD17A2H,PsnNet_500m,0.0000,0.0111,1.1785,0.0111,0.0070,0.0000,0.0021,169,168,99.41
A2012257,2012-09-13,MOD17A2H,PsnNet_500m,0.0000,0.0114,1.1846,0.0114,0.0071,0.0000,0.0020,169,168,99.41
A2012265,2012-09-21,MOD17A2H,PsnNet_500m,0.0000,0.0068,0.7165,0.0068,0.0043,0.0000,0.0013,169,168,99.41
A2012273,2012-09-29,MOD17A2H,PsnNet_500m,,,,,,,,169,0,0.00
A2012281,2012-10-07,MOD17A2H,PsnNet_500m,,,,,,,,169,0,0.00
A2012289,2012-10-15,MOD17A2H,PsnNet_500m,,,,,,,,169,0,0.00
A2012297,2012-10-23,MOD17A2H,PsnNet_500m,,,,,,,,169,0,0.00
A2012305,2012-10-31,MOD17A2H,PsnNet_500m,,,,,,,,169,0,0.00
A2012313,2012-11-08,MOD17A2H,PsnNet_500m,,,,,,,,169,0,0.00
A2012321,2012-11-16,MOD17A2H,PsnNet_500m,,,,,,,,169,0,0.00
A2012329,2012-11-24,MOD17A2H,PsnNet_500m,,,,,,,,169,0,0.00
A2012337,2012-12-02,MOD17A2H,PsnNet_500m,,,,,,,,169,0,0.00
A2012345,2012-12-10,MOD17A2H,PsnNet_500m,,,,,,,,169,0,0.00
A2012353,2012-12-18,MOD17A2H,PsnNet_500m,,,,,,,,169,0,0.00
A2012361,2012-12-26,MOD17A2H,PsnNet_500m,,,,,,,,169,0,0.00
A2013001,2013-01-01,MOD17A2H,PsnNet_500m,,,,,,,,169,0,0.00
A2013009,2013-01-09,MOD17A2H,PsnNet_500m,,,,,,,,169,0,0.00
A2013017,2013-01-17,MOD17A2H,PsnNet_500m,,,,,,,,169,0,0.00
A2013025,2013-01-25,MOD17A2H,PsnNet_500m,,,,,,,,169,0,0.00
A2013033,2013-02-02,MOD17A2H,PsnNet_500m,,,,,,,,169,0,0.00
A2013041,2013-02-10,MOD17A2H,PsnNet_500m,,,,,,,,169,0,0.00
A2013049,2013-02-18,MOD17A2H,PsnNet_500m,,,,,,,,169,0,0.00
A2013057,2013-02-26,MOD17A2H,PsnNet_500m,,,,,,,,169,0,0.00
A2013065,2013-03-06,MOD17A2H,PsnNet_500m,,,,,,,,169,0,0.00
A2013073,2013-03-14,MOD17A2H,PsnNet_500m,,,,,,,,169,0,0.00
A2013081,2013-03-22,MOD17A2H,PsnNet_500m,0.0000,0.0000,0.0000,0.0000,0.0000,0.0000,0.0000,169,3,1.78
A2013089,2013-03-30,MOD17A2H,PsnNet_500m,0.0000,0.0000,0.0000,0.0000,0.0000,0.0000,0.0000,169,4,2.37
A2013097,2013-04-07,MOD17A2H,PsnNet_500m,,,,,,,,169,0,0.00
A2013105,2013-04-15,MOD17A2H,PsnNet_500m,,,,,,,,169,0,0.00
A2013113,2013-04-23,MOD17A2H,PsnNet_500m,,,,,,,,169,0,0.00
A2013121,2013-05-01,MOD17A2H,PsnNet_500m,,,,,,,,169,0,0.00
A2013129,2013-05-09,MOD17A2H,PsnNet_500m,,,,,,,,169,0,0.00
A2013137,2013-05-17,MOD17A2H,PsnNet_500m,0.0015,0.0015,0.0015,0.0000,0.0015,0.0000,0.0000,169,1,0.59
A2013145,2013-05-25,MOD17A2H,PsnNet_500m,0.0000,0.0305,3.0170,0.0305,0.0180,0.0000,0.0058,169,168,99.41
A2013153,2013-06-02,MOD17A2H,PsnNet_500m,0.0000,0.0299,2.7845,0.0299,0.0166,0.0000,0.0058,169,168,99.41
A2013161,2013-06-10,MOD17A2H,PsnNet_500m,0.0000,0.0500,4.6920,0.0500,0.0279,0.0001,0.0089,169,168,99.41
A2013169,2013-06-18,MOD17A2H,PsnNet_500m,0.0000,0.0729,7.2806,0.0729,0.0433,0.0002,0.0129,169,168,99.41
A2013177,2013-06-26,MOD17A2H,PsnNet_500m,0.0000,0.0579,6.1524,0.0579,0.0366,0.0001,0.0116,169,168,99.41
A2013185,2013-07-04,MOD17A2H,PsnNet_500m,0.0000,0.0559,5.4577,0.0559,0.0345,0.0001,0.0107,169,158,93.49
A2013193,2013-07-12,MOD17A2H,PsnNet_500m,0.0000,0.0489,5.4868,0.0489,0.0327,0.0001,0.0092,169,168,99.41
A2013201,2013-07-20,MOD17A2H,PsnNet_500m,0.0000,0.0549,6.0761,0.0549,0.0362,0.0001,0.0105,169,168,99.41
A2013209,2013-07-28,MOD17A2H,PsnNet_500m,0.0000,0.0457,4.7894,0.0457,0.0285,0.0001,0.0091,169,168,99.41
A2013217,2013-08-05,MOD17A2H,PsnNet_500m,0.0000,0.0498,4.7298,0.0498,0.0282,0.0001,0.0110,169,168,99.41
A2013225,2013-08-13,MOD17A2H,PsnNet_500m,0.0000,0.0330,2.3476,0.0330,0.0168,0.0000,0.0061,169,140,82.84
A2013233,2013-08-21,MOD17A2H,PsnNet_500m,0.0000,0.0205,2.3809,0.0205,0.0142,0.0000,0.0034,169,168,99.41
A2013241,2013-08-29,MOD17A2H,PsnNet_500m,0.0000,0.0148,1.5157,0.0148,0.0090,0.0000,0.0026,169,168,99.41
A2013249,2013-09-06,MOD17A2H,PsnNet_500m,0.0000,0.0110,1.1432,0.0110,0.0068,0.0000,0.0021,169,168,99.41
A2013257,2013-09-14,MOD17A2H,PsnNet_500m,0.0000,0.0041,0.1394,0.0041,0.0011,0.0000,0.0006,169,129,76.33
A2013265,2013-09-22,MOD17A2H,PsnNet_500m,0.0000,0.0035,0.3004,0.0035,0.0018,0.0000,0.0007,169,168,99.41
A2013273,2013-09-30,MOD17A2H,PsnNet_500m,,,,,,,,169,0,0.00
A2013281,2013-10-08,MOD17A2H,PsnNet_500m,,,,,,,,169,0,0.00
A2013289,2013-10-16,MOD17A2H,PsnNet_500m,,,,,,,,169,0,0.00
A2013297,2013-10-24,MOD17A2H,PsnNet_500m,,,,,,,,169,0,0.00
A2013305,2013-11-01,MOD17A2H,PsnNet_500m,,,,,,,,169,0,0.00
A2013313,2013-11-09,MOD17A2H,PsnNet_500m,,,,,,,,169,0,0.00
A2013321,2013-11-17,MOD17A2H,PsnNet_500m,,,,,,,,169,0,0.00
A2013329,2013-11-25,MOD17A2H,PsnNet_500m,,,,,,,,169,0,0.00
A2013337,2013-12-03,MOD17A2H,PsnNet_500m,,,,,,,,169,0,0.00
A2013345,2013-12-11,MOD17A2H,PsnNet_500m,,,,,,,,169,0,0.00
A2013353,2013-12-19,MOD17A2H,PsnNet_500m,,,,,,,,169,0,0.00
A2013361,2013-12-27,MOD17A2H,PsnNet_500m,,,,,,,,169,0,0.00
A2014001,2014-01-01,MOD17A2H,PsnNet_500m,,,,,,,,169,0,0.00
A2014009,2014-01-09,MOD17A2H,PsnNet_500m,,,,,,,,169,0,0.00
A2014017,2014-01-17,MOD17A2H,PsnNet_500m,,,,,,,,169,0,0.00
A2014025,2014-01-25,MOD17A2H,PsnNet_500m,,,,,,,,169,0,0.00
A2014033,2014-02-02,MOD17A2H,PsnNet_500m,,,,,,,,169,0,0.00
A2014041,2014-02-10,MOD17A2H,PsnNet_500m,,,,,,,,169,0,0.00
A2014049,2014-02-18,MOD17A2H,PsnNet_500m,,,,,,,,169,0,0.00
A2014057,2014-02-26,MOD17A2H,PsnNet_500m,,,,,,,,169,0,0.00
A2014065,2014-03-06,MOD17A2H,PsnNet_500m,,,,,,,,169,0,0.00
A2014073,2014-03-14,MOD17A2H,PsnNet_500m,0.0000,0.0000,0.0000,0.0000,0.0000,0.0000,0.0000,169,1,0.59
A2014081,2014-03-22,MOD17A2H,PsnNet_500m,,,,,,,,169,0,0.00
A2014089,2014-03-30,MOD17A2H,PsnNet_500m,,,,,,,,169,0,0.00
A2014097,2014-04-07,MOD17A2H,PsnNet_500m,,,,,,,,169,0,0.00
A2014105,2014-04-15,MOD17A2H,PsnNet_500m,,,,,,,,169,0,0.00
A2014113,2014-04-23,MOD17A2H,PsnNet_500m,0.0004,0.0004,0.0004,0.0000,0.0004,0.0000,0.0000,169,1,0.59
A2014121,2014-05-01,MOD17A2H,PsnNet_500m,0.0000,0.0035,0.1424,0.0035,0.0018,0.0000,0.0008,169,80,47.34
A2014129,2014-05-09,MOD17A2H,PsnNet_500m,0.0000,0.0177,1.0425,0.0177,0.0067,0.0000,0.0041,169,156,92.31
A2014137,2014-05-17,MOD17A2H,PsnNet_500m,0.0000,0.0075,0.2934,0.0075,0.0019,0.0000,0.0007,169,158,93.49
A2014145,2014-05-25,MOD17A2H,PsnNet_500m,0.0000,0.0264,2.4582,0.0264,0.0146,0.0000,0.0047,169,168,99.41
A2014153,2014-06-02,MOD17A2H,PsnNet_500m,0.0000,0.0436,4.4900,0.0436,0.0267,0.0000,0.0069,169,168,99.41
A2014161,2014-06-10,MOD17A2H,PsnNet_500m,0.0000,0.0530,5.2759,0.0530,0.0314,0.0001,0.0092,169,168,99.41
A2014169,2014-06-18,MOD17A2H,PsnNet_500m,0.0000,0.0647,6.9722,0.0647,0.0415,0.0002,0.0124,169,168,99.41
A2014177,2014-06-26,MOD17A2H,PsnNet_500m,0.0000,0.0682,7.0323,0.0682,0.0419,0.0002,0.0137,169,168,99.41
A2014185,2014-07-04,MOD17A2H,PsnNet_500m,0.0000,0.0765,8.5049,0.0765,0.0506,0.0002,0.0140,169,168,99.41
A2014193,2014-07-12,MOD17A2H,PsnNet_500m,0.0000,0.0668,6.9536,0.0668,0.0414,0.0001,0.0119,169,168,99.41
A2014201,2014-07-20,MOD17A2H,PsnNet_500m,0.0000,0.0361,3.7831,0.0361,0.0225,0.0001,0.0078,169,168,99.41
A2014209,2014-07-28,MOD17A2H,PsnNet_500m,0.0000,0.0294,3.2548,0.0294,0.0194,0.0000,0.0046,169,168,99.41
A2014217,2014-08-05,MOD17A2H,PsnNet_500m,0.0000,0.0406,4.7127,0.0406,0.0281,0.0000,0.0068,169,168,99.41
A2014225,2014-08-13,MOD17A2H,PsnNet_500m,0.0000,0.0375,4.2165,0.0375,0.0251,0.0000,0.0062,169,168,99.41
A2014233,2014-08-21,MOD17A2H,PsnNet_500m,0.0000,0.0316,3.3999,0.0316,0.0202,0.0000,0.0050,169,168,99.41
A2014241,2014-08-29,MOD17A2H,PsnNet_500m,0.0000,0.0128,1.4354,0.0128,0.0085,0.0000,0.0022,169,168,99.41
A2014249,2014-09-06,MOD17A2H,PsnNet_500m,0.0000,0.0108,1.1699,0.0108,0.0070,0.0000,0.0020,169,168,99.41
A2014257,2014-09-14,MOD17A2H,PsnNet_500m,0.0007,0.0010,0.0045,0.0003,0.0009,0.0000,0.0001,169,5,2.96
A2014265,2014-09-22,MOD17A2H,PsnNet_500m,0.0000,0.0030,0.2700,0.0030,0.0016,0.0000,0.0006,169,168,99.41
A2014273,2014-09-30,MOD17A2H,PsnNet_500m,,,,,,,,169,0,0.00
A2014281,2014-10-08,MOD17A2H,PsnNet_500m,,,,,,,,169,0,0.00
A2014289,2014-10-16,MOD17A2H,PsnNet_500m,,,,,,,,169,0,0.00
A2014297,2014-10-24,MOD17A2H,PsnNet_500m,,,,,,,,169,0,0.00
A2014305,2014-11-01,MOD17A2H,PsnNet_500m,,,,,,,,169,0,0.00
A2014313,2014-11-09,MOD17A2H,PsnNet_500m,,,,,,,,169,0,0.00
A2014321,2014-11-17,MOD17A2H,PsnNet_500m,,,,,,,,169,0,0.00
A2014329,2014-11-25,MOD17A2H,PsnNet_500m,,,,,,,,169,0,0.00
A2014337,2014-12-03,MOD17A2H,PsnNet_500m,,,,,,,,169,0,0.00
A2014345,2014-12-11,MOD17A2H,PsnNet_500m,,,,,,,,169,0,0.00
A2014353,2014-12-19,MOD17A2H,PsnNet_500m,,,,,,,,169,0,0.00
A2014361,2014-12-27,MOD17A2H,PsnNet_500m,,,,,,,,169,0,0.00
A2015001,2015-01-01,MOD17A2H,PsnNet_500m,,,,,,,,169,0,0.00
A2015009,2015-01-09,MOD17A2H,PsnNet_500m,,,,,,,,169,0,0.00
A2015017,2015-01-17,MOD17A2H,PsnNet_500m,,,,,,,,169,0,0.00
A2015025,2015-01-25,MOD17A2H,PsnNet_500m,,,,,,,,169,0,0.00
A2015033,2015-02-02,MOD17A2H,PsnNet_500m,,,,,,,,169,0,0.00
A2015041,2015-02-10,MOD17A2H,PsnNet_500m,,,,,,,,169,0,0.00
A2015049,2015-02-18,MOD17A2H,PsnNet_500m,,,,,,,,169,0,0.00
A2015057,2015-02-26,MOD17A2H,PsnNet_500m,,,,,,,,169,0,0.00
A2015065,2015-03-06,MOD17A2H,PsnNet_500m,,,,,,,,169,0,0.00
A2015073,2015-03-14,MOD17A2H,PsnNet_500m,,,,,,,,169,0,0.00
A2015081,2015-03-22,MOD17A2H,PsnNet_500m,,,,,,,,169,0,0.00
A2015089,2015-03-30,MOD17A2H,PsnNet_500m,0.0000,0.0000,0.0000,0.0000,0.0000,0.0000,0.0000,169,2,1.18
A2015097,2015-04-07,MOD17A2H,PsnNet_500m,,,,,,,,169,0,0.00
A2015105,2015-04-15,MOD17A2H,PsnNet_500m,,,,,,,,169,0,0.00
A2015113,2015-04-23,MOD17A2H,PsnNet_500m,0.0005,0.0005,0.0010,0.0000,0.0005,0.0000,0.0000,169,2,1.18
A2015121,2015-05-01,MOD17A2H,PsnNet_500m,0.0000,0.0010,0.0093,0.0010,0.0006,0.0000,0.0002,169,16,9.47
A2015129,2015-05-09,MOD17A2H,PsnNet_500m,0.0000,0.0201,1.3918,0.0201,0.0087,0.0000,0.0051,169,160,94.67
A2015137,2015-05-17,MOD17A2H,PsnNet_500m,0.0000,0.0425,4.2412,0.0425,0.0252,0.0001,0.0079,169,168,99.41
A2015145,2015-05-25,MOD17A2H,PsnNet_500m,0.0000,0.0429,3.7854,0.0429,0.0225,0.0000,0.0068,169,168,99.41
A2015153,2015-06-02,MOD17A2H,PsnNet_500m,0.0000,0.0284,2.8034,0.0284,0.0168,0.0000,0.0048,169,167,98.82
A2015161,2015-06-10,MOD17A2H,PsnNet_500m,0.0000,0.0438,4.2835,0.0438,0.0261,0.0000,0.0069,169,164,97.04
A2015169,2015-06-18,MOD17A2H,PsnNet_500m,0.0000,0.0655,7.0142,0.0655,0.0418,0.0001,0.0116,169,168,99.41
A2015177,2015-06-26,MOD17A2H,PsnNet_500m,0.0000,0.0526,5.4717,0.0526,0.0326,0.0001,0.0120,169,168,99.41
A2015185,2015-07-04,MOD17A2H,PsnNet_500m,0.0000,0.0536,5.0585,0.0536,0.0331,0.0001,0.0093,169,153,90.53
A2015193,2015-07-12,MOD17A2H,PsnNet_500m,0.0000,0.0513,4.0629,0.0513,0.0282,0.0002,0.0128,169,144,85.21
A2015201,2015-07-20,MOD17A2H,PsnNet_500m,0.0000,0.0292,0.4186,0.0292,0.0093,0.0000,0.0065,169,45,26.63
A2015209,2015-07-28,MOD17A2H,PsnNet_500m,0.0000,0.0353,2.2843,0.0353,0.0136,0.0001,0.0085,169,168,99.41
A2015217,2015-08-05,MOD17A2H,PsnNet_500m,0.0000,0.0326,3.6355,0.0326,0.0216,0.0000,0.0053,169,168,99.41
A2015225,2015-08-13,MOD17A2H,PsnNet_500m,0.0000,0.0284,1.6488,0.0284,0.0118,0.0001,0.0072,169,140,82.84
A2015233,2015-08-21,MOD17A2H,PsnNet_500m,0.0000,0.0237,2.3287,0.0237,0.0139,0.0000,0.0039,169,168,99.41
A2015241,2015-08-29,MOD17A2H,PsnNet_500m,0.0000,0.0028,0.1822,0.0028,0.0012,0.0000,0.0005,169,154,91.12
A2015249,2015-09-06,MOD17A2H,PsnNet_500m,0.0000,0.0083,0.8542,0.0083,0.0051,0.0000,0.0015,169,168,99.41
A2015257,2015-09-14,MOD17A2H,PsnNet_500m,0.0000,0.0027,0.2160,0.0027,0.0013,0.0000,0.0004,169,168,99.41
A2015265,2015-09-22,MOD17A2H,PsnNet_500m,0.0000,0.0023,0.2160,0.0023,0.0013,0.0000,0.0005,169,168,99.41
A2015273,2015-09-30,MOD17A2H,PsnNet_500m,,,,,,,,169,0,0.00
A2015281,2015-10-08,MOD17A2H,PsnNet_500m,,,,,,,,169,0,0.00
A2015289,2015-10-16,MOD17A2H,PsnNet_500m,,,,,,,,169,0,0.00
A2015297,2015-10-24,MOD17A2H,PsnNet_500m,,,,,,,,169,0,0.00
A2015305,2015-11-01,MOD17A2H,PsnNet_500m,,,,,,,,169,0,0.00
A2015313,2015-11-09,MOD17A2H,PsnNet_500m,,,,,,,,169,0,0.00
A2015321,2015-11-17,MOD17A2H,PsnNet_500m,,,,,,,,169,0,0.00
A2015329,2015-11-25,MOD17A2H,PsnNet_500m,,,,,,,,169,0,0.00
A2015337,2015-12-03,MOD17A2H,PsnNet_500m,,,,,,,,169,0,0.00
A2015345,2015-12-11,MOD17A2H,PsnNet_500m,,,,,,,,169,0,0.00
A2015353,2015-12-19,MOD17A2H,PsnNet_500m,,,,,,,,169,0,0.00
A2015361,2015-12-27,MOD17A2H,PsnNet_500m,,,,,,,,169,0,0.00
A2016001,2016-01-01,MOD17A2H,PsnNet_500m,,,,,,,,169,0,0.00
A2016009,2016-01-09,MOD17A2H,PsnNet_500m,,,,,,,,169,0,0.00
A2016017,2016-01-17,MOD17A2H,PsnNet_500m,,,,,,,,169,0,0.00
A2016025,2016-01-25,MOD17A2H,PsnNet_500m,,,,,,,,169,0,0.00
A2016033,2016-02-02,MOD17A2H,PsnNet_500m,,,,,,,,169,0,0.00
A2016041,2016-02-10,MOD17A2H,PsnNet_500m,,,,,,,,169,0,0.00
A2016049,2016-02-18,MOD17A2H,PsnNet_500m,,,,,,,,169,0,0.00
A2016057,2016-02-26,MOD17A2H,PsnNet_500m,,,,,,,,169,0,0.00
A2016065,2016-03-05,MOD17A2H,PsnNet_500m,,,,,,,,169,0,0.00
A2016073,2016-03-13,MOD17A2H,PsnNet_500m,0.0000,0.0000,0.0000,0.0000,0.0000,0.0000,0.0000,169,2,1.18
A2016081,2016-03-21,MOD17A2H,PsnNet_500m,0.0000,0.0000,0.0000,0.0000,0.0000,0.0000,0.0000,169,11,6.51
A2016089,2016-03-29,MOD17A2H,PsnNet_500m,0.0000,0.0000,0.0000,0.0000,0.0000,0.0000,0.0000,169,17,10.06
A2016097,2016-04-06,MOD17A2H,PsnNet_500m,,,,,,,,169,0,0.00
A2016105,2016-04-14,MOD17A2H,PsnNet_500m,0.0000,0.0000,0.0000,0.0000,0.0000,0.0000,0.0000,169,9,5.33
A2016113,2016-04-22,MOD17A2H,PsnNet_500m,0.0007,0.0007,0.0035,0.0000,0.0007,0.0000,0.0000,169,5,2.96
A2016121,2016-04-30,MOD17A2H,PsnNet_500m,0.0012,0.0027,0.0325,0.0015,0.0014,0.0000,0.0003,169,23,13.61
A2016129,2016-05-08,MOD17A2H,PsnNet_500m,0.0000,0.0261,2.4353,0.0261,0.0145,0.0000,0.0049,169,168,99.41
A2016137,2016-05-16,MOD17A2H,PsnNet_500m,0.0000,0.0200,1.9658,0.0200,0.0117,0.0000,0.0037,169,168,99.41
A2016145,2016-05-24,MOD17A2H,PsnNet_500m,0.0000,0.0233,2.6789,0.0233,0.0159,0.0000,0.0042,169,168,99.41
A2016153,2016-06-01,MOD17A2H,PsnNet_500m,0.0000,0.0247,2.5779,0.0247,0.0153,0.0000,0.0041,169,168,99.41
A2016161,2016-06-09,MOD17A2H,PsnNet_500m,0.0000,0.0398,2.7219,0.0398,0.0200,0.0001,0.0075,169,136,80.47
A2016169,2016-06-17,MOD17A2H,PsnNet_500m,0.0000,0.0481,5.4125,0.0481,0.0322,0.0001,0.0083,169,168,99.41
A2016177,2016-06-25,MOD17A2H,PsnNet_500m,0.0000,0.0706,7.5212,0.0706,0.0448,0.0002,0.0129,169,168,99.41
A2016185,2016-07-03,MOD17A2H,PsnNet_500m,0.0000,0.0675,6.5955,0.0675,0.0393,0.0002,0.0133,169,168,99.41
A2016193,2016-07-11,MOD17A2H,PsnNet_500m,0.0000,0.0512,5.2635,0.0512,0.0313,0.0001,0.0101,169,168,99.41
A2016201,2016-07-19,MOD17A2H,PsnNet_500m,0.0000,0.0389,4.2001,0.0389,0.0252,0.0001,0.0075,169,167,98.82
A2016209,2016-07-27,MOD17A2H,PsnNet_500m,0.0000,0.0453,5.1212,0.0453,0.0305,0.0001,0.0083,169,168,99.41
A2016217,2016-08-04,MOD17A2H,PsnNet_500m,0.0000,0.0399,4.0615,0.0399,0.0242,0.0001,0.0072,169,168,99.41
A2016225,2016-08-12,MOD17A2H,PsnNet_500m,0.0000,0.0348,3.5630,0.0348,0.0212,0.0000,0.0060,169,168,99.41
A2016233,2016-08-20,MOD17A2H,PsnNet_500m,0.0000,0.0277,2.7365,0.0277,0.0163,0.0000,0.0050,169,168,99.41
A2016241,2016-08-28,MOD17A2H,PsnNet_500m,0.0000,0.0147,1.3410,0.0147,0.0080,0.0000,0.0021,169,168,99.41
A2016249,2016-09-05,MOD17A2H,PsnNet_500m,0.0000,0.0085,0.9145,0.0085,0.0054,0.0000,0.0016,169,168,99.41
A2016257,2016-09-13,MOD17A2H,PsnNet_500m,0.0000,0.0040,0.4104,0.0040,0.0024,0.0000,0.0008,169,168,99.41
A2016265,2016-09-21,MOD17A2H,PsnNet_500m,0.0000,0.0052,0.4681,0.0052,0.0028,0.0000,0.0011,169,168,99.41
A2016273,2016-09-29,MOD17A2H,PsnNet_500m,,,,,,,,169,0,0.00
A2016281,2016-10-07,MOD17A2H,PsnNet_500m,,,,,,,,169,0,0.00
A2016289,2016-10-15,MOD17A2H,PsnNet_500m,,,,,,,,169,0,0.00
A2016297,2016-10-23,MOD17A2H,PsnNet_500m,,,,,,,,169,0,0.00
A2016305,2016-10-31,MOD17A2H,PsnNet_500m,,,,,,,,169,0,0.00
A2016313,2016-11-08,MOD17A2H,PsnNet_500m,,,,,,,,169,0,0.00
A2016321,2016-11-16,MOD17A2H,PsnNet_500m,,,,,,,,169,0,0.00
A2016329,2016-11-24,MOD17A2H,PsnNet_500m,,,,,,,,169,0,0.00
A2016337,2016-12-02,MOD17A2H,PsnNet_500m,,,,,,,,169,0,0.00
A2016345,2016-12-10,MOD17A2H,PsnNet_500m,,,,,,,,169,0,0.00
A2016353,2016-12-18,MOD17A2H,PsnNet_500m,,,,,,,,169,0,0.00
A2016361,2016-12-26,MOD17A2H,PsnNet_500m,,,,,,,,169,0,0.00
A2017001,2017-01-01,MOD17A2H,PsnNet_500m,,,,,,,,169,0,0.00
A2017009,2017-01-09,MOD17A2H,PsnNet_500m,,,,,,,,169,0,0.00
A2017017,2017-01-17,MOD17A2H,PsnNet_500m,,,,,,,,169,0,0.00
A2017025,2017-01-25,MOD17A2H,PsnNet_500m,,,,,,,,169,0,0.00
A2017033,2017-02-02,MOD17A2H,PsnNet_500m,,,,,,,,169,0,0.00
A2017041,2017-02-10,MOD17A2H,PsnNet_500m,,,,,,,,169,0,0.00
A2017049,2017-02-18,MOD17A2H,PsnNet_500m,,,,,,,,169,0,0.00
A2017057,2017-02-26,MOD17A2H,PsnNet_500m,,,,,,,,169,0,0.00
A2017065,2017-03-06,MOD17A2H,PsnNet_500m,,,,,,,,169,0,0.00
A2017073,2017-03-14,MOD17A2H,PsnNet_500m,0.0000,0.0000,0.0000,0.0000,0.0000,0.0000,0.0000,169,6,3.55
A2017081,2017-03-22,MOD17A2H,PsnNet_500m,,,,,,,,169,0,0.00
A2017089,2017-03-30,MOD17A2H,PsnNet_500m,0.0000,0.0000,0.0000,0.0000,0.0000,0.0000,0.0000,169,7,4.14
A2017097,2017-04-07,MOD17A2H,PsnNet_500m,0.0000,0.0000,0.0000,0.0000,0.0000,0.0000,0.0000,169,8,4.73
A2017105,2017-04-15,MOD17A2H,PsnNet_500m,0.0000,0.0000,0.0000,0.0000,0.0000,0.0000,0.0000,169,1,0.59
A2017113,2017-04-23,MOD17A2H,PsnNet_500m,0.0000,0.0000,0.0000,0.0000,0.0000,0.0000,0.0000,169,6,3.55
A2017121,2017-05-01,MOD17A2H,PsnNet_500m,0.0007,0.0014,0.0115,0.0007,0.0011,0.0000,0.0003,169,10,5.92
A2017129,2017-05-09,MOD17A2H,PsnNet_500m,0.0000,0.0097,0.5498,0.0097,0.0042,0.0000,0.0024,169,130,76.92
A2017137,2017-05-17,MOD17A2H,PsnNet_500m,0.0000,0.0236,2.3661,0.0236,0.0141,0.0000,0.0043,169,168,99.41
A2017145,2017-05-25,MOD17A2H,PsnNet_500m,0.0000,0.0235,2.5430,0.0235,0.0151,0.0000,0.0042,169,168,99.41
A2017153,2017-06-02,MOD17A2H,PsnNet_500m,0.0000,0.0404,4.6166,0.0404,0.0275,0.0001,0.0072,169,168,99.41
A2017161,2017-06-10,MOD17A2H,PsnNet_500m,0.0000,0.0493,5.4804,0.0493,0.0326,0.0001,0.0082,169,168,99.41
A2017169,2017-06-18,MOD17A2H,PsnNet_500m,0.0000,0.0683,7.1540,0.0683,0.0426,0.0002,0.0131,169,168,99.41
A2017177,2017-06-26,MOD17A2H,PsnNet_500m,0.0000,0.0645,6.8829,0.0645,0.0410,0.0001,0.0113,169,168,99.41
A2017185,2017-07-04,MOD17A2H,PsnNet_500m,0.0000,0.0591,6.3289,0.0591,0.0377,0.0001,0.0111,169,168,99.41
A2017193,2017-07-12,MOD17A2H,PsnNet_500m,0.0000,0.0639,6.9257,0.0639,0.0412,0.0001,0.0106,169,168,99.41
A2017201,2017-07-20,MOD17A2H,PsnNet_500m,0.0000,0.0417,4.4804,0.0417,0.0267,0.0001,0.0073,169,168,99.41
A2017209,2017-07-28,MOD17A2H,PsnNet_500m,0.0000,0.0594,5.9056,0.0594,0.0352,0.0001,0.0120,169,168,99.41
A2017217,2017-08-05,MOD17A2H,PsnNet_500m,0.0000,0.0469,4.9578,0.0469,0.0295,0.0001,0.0091,169,168,99.41
A2017225,2017-08-13,MOD17A2H,PsnNet_500m,0.0000,0.0389,4.0776,0.0389,0.0243,0.0000,0.0067,169,168,99.41
A2017233,2017-08-21,MOD17A2H,PsnNet_500m,0.0000,0.0285,2.8384,0.0285,0.0169,0.0000,0.0050,169,168,99.41
A2017241,2017-08-29,MOD17A2H,PsnNet_500m,0.0000,0.0161,1.3714,0.0161,0.0082,0.0000,0.0026,169,168,99.41
A2017249,2017-09-06,MOD17A2H,PsnNet_500m,0.0000,0.0088,0.7455,0.0088,0.0044,0.0000,0.0014,169,168,99.41
A2017257,2017-09-14,MOD17A2H,PsnNet_500m,0.0000,0.0092,0.9571,0.0092,0.0057,0.0000,0.0016,169,167,98.82
A2017265,2017-09-22,MOD17A2H,PsnNet_500m,0.0002,0.0003,0.0089,0.0001,0.0002,0.0000,0.0000,169,42,24.85
A2017273,2017-09-30,MOD17A2H,PsnNet_500m,,,,,,,,169,0,0.00
A2017281,2017-10-08,MOD17A2H,PsnNet_500m,,,,,,,,169,0,0.00
A2017289,2017-10-16,MOD17A2H,PsnNet_500m,,,,,,,,169,0,0.00
A2017297,2017-10-24,MOD17A2H,PsnNet_500m,,,,,,,,169,0,0.00
A2017305,2017-11-01,MOD17A2H,PsnNet_500m,,,,,,,,169,0,0.00
A2017313,2017-11-09,MOD17A2H,PsnNet_500m,,,,,,,,169,0,0.00
A2017321,2017-11-17,MOD17A2H,PsnNet_500m,,,,,,,,169,0,0.00
A2017329,2017-11-25,MOD17A2H,PsnNet_500m,,,,,,,,169,0,0.00
A2017337,2017-12-03,MOD17A2H,PsnNet_500m,,,,,,,,169,0,0.00
A2017345,2017-12-11,MOD17A2H,PsnNet_500m,,,,,,,,169,0,0.00
A2017353,2017-12-19,MOD17A2H,PsnNet_500m,,,,,,,,169,0,0.00
A2017361,2017-12-27,MOD17A2H,PsnNet_500m,,,,,,,,169,0,0.00
A2018001,2018-01-01,MOD17A2H,PsnNet_500m,,,,,,,,169,0,0.00
A2018009,2018-01-09,MOD17A2H,PsnNet_500m,,,,,,,,169,0,0.00
A2018017,2018-01-17,MOD17A2H,PsnNet_500m,,,,,,,,169,0,0.00
A2018025,2018-01-25,MOD17A2H,PsnNet_500m,,,,,,,,169,0,0.00
A2018033,2018-02-02,MOD17A2H,PsnNet_500m,,,,,,,,169,0,0.00
A2018041,2018-02-10,MOD17A2H,PsnNet_500m,,,,,,,,169,0,0.00
A2018049,2018-02-18,MOD17A2H,PsnNet_500m,,,,,,,,169,0,0.00
A2018057,2018-02-26,MOD17A2H,PsnNet_500m,,,,,,,,169,0,0.00
A2018065,2018-03-06,MOD17A2H,PsnNet_500m,,,,,,,,169,0,0.00
A2018073,2018-03-14,MOD17A2H,PsnNet_500m,0.0000,0.0000,0.0000,0.0000,0.0000,0.0000,0.0000,169,5,2.96
A2018081,2018-03-22,MOD17A2H,PsnNet_500m,0.0000,0.0000,0.0000,0.0000,0.0000,0.0000,0.0000,169,13,7.69
A2018089,2018-03-30,MOD17A2H,PsnNet_500m,0.0000,0.0000,0.0000,0.0000,0.0000,0.0000,0.0000,169,13,7.69
A2018097,2018-04-07,MOD17A2H,PsnNet_500m,-0.0007,0.0000,-0.0007,0.0007,-0.0000,0.0000,0.0002,169,18,10.65
A2018105,2018-04-15,MOD17A2H,PsnNet_500m,0.0000,0.0000,0.0000,0.0000,0.0000,0.0000,0.0000,169,5,2.96
A2018113,2018-04-23,MOD17A2H,PsnNet_500m,0.0000,0.0008,0.0176,0.0008,0.0005,0.0000,0.0002,169,34,20.12
A2018121,2018-05-01,MOD17A2H,PsnNet_500m,0.0000,0.0031,0.1389,0.0031,0.0015,0.0000,0.0007,169,91,53.85
A2018129,2018-05-09,MOD17A2H,PsnNet_500m,0.0000,0.0138,1.2328,0.0138,0.0073,0.0000,0.0030,169,168,99.41
A2018137,2018-05-17,MOD17A2H,PsnNet_500m,0.0000,0.0109,0.8915,0.0109,0.0059,0.0000,0.0022,169,150,88.76
A2018145,2018-05-25,MOD17A2H,PsnNet_500m,0.0000,0.0176,1.7992,0.0176,0.0107,0.0000,0.0034,169,168,99.41
A2018153,2018-06-02,MOD17A2H,PsnNet_500m,0.0000,0.0325,3.3435,0.0325,0.0199,0.0000,0.0058,169,168,99.41
A2018161,2018-06-10,MOD17A2H,PsnNet_500m,0.0000,0.0325,3.6170,0.0325,0.0215,0.0000,0.0048,169,168,99.41
A2018169,2018-06-18,MOD17A2H,PsnNet_500m,0.0000,0.0423,4.1254,0.0423,0.0246,0.0000,0.0071,169,168,99.41
A2018177,2018-06-26,MOD17A2H,PsnNet_500m,0.0000,0.0529,5.5457,0.0529,0.0330,0.0001,0.0085,169,168,99.41
A2018185,2018-07-04,MOD17A2H,PsnNet_500m,0.0000,0.0402,3.9306,0.0402,0.0240,0.0000,0.0068,169,164,97.04
A2018193,2018-07-12,MOD17A2H,PsnNet_500m,0.0000,0.0510,5.4137,0.0510,0.0322,0.0001,0.0090,169,168,99.41
A2018201,2018-07-20,MOD17A2H,PsnNet_500m,0.0000,0.0495,4.9803,0.0495,0.0296,0.0001,0.0093,169,168,99.41
A2018209,2018-07-28,MOD17A2H,PsnNet_500m,0.0000,0.0402,3.6992,0.0402,0.0220,0.0000,0.0069,169,168,99.41
A2018217,2018-08-05,MOD17A2H,PsnNet_500m,0.0000,0.0295,2.5737,0.0295,0.0157,0.0000,0.0061,169,164,97.04
A2018225,2018-08-13,MOD17A2H,PsnNet_500m,0.0000,0.0302,2.9845,0.0302,0.0178,0.0000,0.0047,169,168,99.41
A2018233,2018-08-21,MOD17A2H,PsnNet_500m,0.0000,0.0164,1.4923,0.0164,0.0089,0.0000,0.0025,169,168,99.41
A2018241,2018-08-29,MOD17A2H,PsnNet_500m,0.0000,0.0106,0.8938,0.0106,0.0053,0.0000,0.0019,169,168,99.41
A2018249,2018-09-06,MOD17A2H,PsnNet_500m,0.0000,0.0060,0.6933,0.0060,0.0041,0.0000,0.0011,169,168,99.41
A2018257,2018-09-14,MOD17A2H,PsnNet_500m,0.0000,0.0044,0.4642,0.0044,0.0028,0.0000,0.0008,169,168,99.41
A2018265,2018-09-22,MOD17A2H,PsnNet_500m,0.0000,0.0010,0.0769,0.0010,0.0005,0.0000,0.0003,169,168,99.41
A2018273,2018-09-30,MOD17A2H,PsnNet_500m,,,,,,,,169,0,0.00
A2018281,2018-10-08,MOD17A2H,PsnNet_500m,,,,,,,,169,0,0.00
A2018289,2018-10-16,MOD17A2H,PsnNet_500m,,,,,,,,169,0,0.00
A2018297,2018-10-24,MOD17A2H,PsnNet_500m,,,,,,,,169,0,0.00
A2018305,2018-11-01,MOD17A2H,PsnNet_500m,,,,,,,,169,0,0.00
A2018313,2018-11-09,MOD17A2H,PsnNet_500m,,,,,,,,169,0,0.00
A2018321,2018-11-17,MOD17A2H,PsnNet_500m,,,,,,,,169,0,0.00
A2018329,2018-11-25,MOD17A2H,PsnNet_500m,,,,,,,,169,0,0.00
A2018337,2018-12-03,MOD17A2H,PsnNet_500m,,,,,,,,169,0,0.00
A2018345,2018-12-11,MOD17A2H,PsnNet_500m,,,,,,,,169,0,0.00
A2018353,2018-12-19,MOD17A2H,PsnNet_500m,,,,,,,,169,0,0.00
A2018361,2018-12-27,MOD17A2H,PsnNet_500m,,,,,,,,169,0,0.00
A2019001,2019-01-01,MOD17A2H,PsnNet_500m,,,,,,,,169,0,0.00
A2019009,2019-01-09,MOD17A2H,PsnNet_500m,,,,,,,,169,0,0.00
A2019017,2019-01-17,MOD17A2H,PsnNet_500m,,,,,,,,169,0,0.00
A2019025,2019-01-25,MOD17A2H,PsnNet_500m,,,,,,,,169,0,0.00
A2019033,2019-02-02,MOD17A2H,PsnNet_500m,,,,,,,,169,0,0.00
A2019041,2019-02-10,MOD17A2H,PsnNet_500m,,,,,,,,169,0,0.00
A2019049,2019-02-18,MOD17A2H,PsnNet_500m,,,,,,,,169,0,0.00
A2019057,2019-02-26,MOD17A2H,PsnNet_500m,,,,,,,,169,0,0.00
A2019065,2019-03-06,MOD17A2H,PsnNet_500m,,,,,,,,169,0,0.00
A2019073,2019-03-14,MOD17A2H,PsnNet_500m,0.0000,0.0001,0.0011,0.0001,0.0001,0.0000,0.0000,169,21,12.43
A2019081,2019-03-22,MOD17A2H,PsnNet_500m,0.0000,0.0002,0.0016,0.0002,0.0000,0.0000,0.0001,169,43,25.44
A2019089,2019-03-30,MOD17A2H,PsnNet_500m,0.0000,0.0001,0.0003,0.0001,0.0000,0.0000,0.0000,169,37,21.89
A2019097,2019-04-07,MOD17A2H,PsnNet_500m,0.0000,0.0000,0.0000,0.0000,0.0000,0.0000,0.0000,169,4,2.37
A2019105,2019-04-15,MOD17A2H,PsnNet_500m,0.0000,0.0001,0.0003,0.0001,0.0000,0.0000,0.0000,169,6,3.55
A2019113,2019-04-23,MOD17A2H,PsnNet_500m,0.0000,0.0001,0.0009,0.0001,0.0001,0.0000,0.0000,169,17,10.06
A2019121,2019-05-01,MOD17A2H,PsnNet_500m,0.0001,0.0002,0.0062,0.0001,0.0002,0.0000,0.0000,169,32,18.93
A2019129,2019-05-09,MOD17A2H,PsnNet_500m,0.0000,0.0081,0.5162,0.0081,0.0032,0.0000,0.0021,169,161,95.27
A2019137,2019-05-17,MOD17A2H,PsnNet_500m,0.0000,0.0311,3.4162,0.0311,0.0203,0.0000,0.0054,169,168,99.41
A2019145,2019-05-25,MOD17A2H,PsnNet_500m,0.0000,0.0272,2.8524,0.0272,0.0170,0.0000,0.0046,169,168,99.41
A2019153,2019-06-02,MOD17A2H,PsnNet_500m,0.0000,0.0530,5.0388,0.0530,0.0300,0.0001,0.0077,169,168,99.41
A2019161,2019-06-10,MOD17A2H,PsnNet_500m,0.0000,0.0504,5.0644,0.0504,0.0301,0.0001,0.0081,169,168,99.41
A2019169,2019-06-18,MOD17A2H,PsnNet_500m,0.0000,0.0624,6.8017,0.0624,0.0405,0.0001,0.0106,169,168,99.41
A2019177,2019-06-26,MOD17A2H,PsnNet_500m,0.0000,0.0527,5.4636,0.0527,0.0325,0.0001,0.0079,169,168,99.41
A2019185,2019-07-04,MOD17A2H,PsnNet_500m,0.0000,0.0570,5.9956,0.0570,0.0357,0.0001,0.0094,169,168,99.41
A2019193,2019-07-12,MOD17A2H,PsnNet_500m,0.0000,0.0500,5.1522,0.0500,0.0307,0.0001,0.0092,169,168,99.41
A2019201,2019-07-20,MOD17A2H,PsnNet_500m,0.0000,0.0600,6.2465,0.0600,0.0372,0.0001,0.0100,169,168,99.41
A2019209,2019-07-28,MOD17A2H,PsnNet_500m,0.0000,0.0441,4.9276,0.0441,0.0293,0.0001,0.0081,169,168,99.41
A2019217,2019-08-05,MOD17A2H,PsnNet_500m,0.0000,0.0242,2.6179,0.0242,0.0156,0.0000,0.0044,169,168,99.41
A2019225,2019-08-13,MOD17A2H,PsnNet_500m,0.0000,0.0133,0.3695,0.0133,0.0038,0.0000,0.0027,169,98,57.99
A2019233,2019-08-21,MOD17A2H,PsnNet_500m,0.0000,0.0196,1.9077,0.0196,0.0114,0.0000,0.0035,169,168,99.41
A2019241,2019-08-29,MOD17A2H,PsnNet_500m,0.0000,0.0127,1.2836,0.0127,0.0076,0.0000,0.0022,169,168,99.41
A2019249,2019-09-06,MOD17A2H,PsnNet_500m,0.0000,0.0141,1.6053,0.0141,0.0096,0.0000,0.0025,169,168,99.41
A2019257,2019-09-14,MOD17A2H,PsnNet_500m,0.0000,0.0037,0.4075,0.0037,0.0024,0.0000,0.0007,169,168,99.41
A2019265,2019-09-22,MOD17A2H,PsnNet_500m,0.0000,0.0029,0.1260,0.0029,0.0009,0.0000,0.0005,169,141,83.43
A2019273,2019-09-30,MOD17A2H,PsnNet_500m,,,,,,,,169,0,0.00
A2019281,2019-10-08,MOD17A2H,PsnNet_500m,,,,,,,,169,0,0.00
A2019289,2019-10-16,MOD17A2H,PsnNet_500m,,,,,,,,169,0,0.00
A2019297,2019-10-24,MOD17A2H,PsnNet_500m,,,,,,,,169,0,0.00
A2019305,2019-11-01,MOD17A2H,PsnNet_500m,,,,,,,,169,0,0.00
A2019313,2019-11-09,MOD17A2H,PsnNet_500m,,,,,,,,169,0,0.00
A2019321,2019-11-17,MOD17A2H,PsnNet_500m,,,,,,,,169,0,0.00
A2019329,2019-11-25,MOD17A2H,PsnNet_500m,,,,,,,,169,0,0.00
A2019337,2019-12-03,MOD17A2H,PsnNet_500m,,,,,,,,169,0,0.00
A2019345,2019-12-11,MOD17A2H,PsnNet_500m,,,,,,,,169,0,0.00
A2019353,2019-12-19,MOD17A2H,PsnNet_500m,,,,,,,,169,0,0.00
A2019361,2019-12-27,MOD17A2H,PsnNet_500m,,,,,,,,169,0,0.00
A2020001,2020-01-01,MOD17A2H,PsnNet_500m,,,,,,,,169,0,0.00
A2020009,2020-01-09,MOD17A2H,PsnNet_500m,,,,,,,,169,0,0.00
A2020017,2020-01-17,MOD17A2H,PsnNet_500m,,,,,,,,169,0,0.00
A2020025,2020-01-25,MOD17A2H,PsnNet_500m,,,,,,,,169,0,0.00
A2020033,2020-02-02,MOD17A2H,PsnNet_500m,,,,,,,,169,0,0.00
A2020041,2020-02-10,MOD17A2H,PsnNet_500m,,,,,,,,169,0,0.00
A2020049,2020-02-18,MOD17A2H,PsnNet_500m,,,,,,,,169,0,0.00
A2020057,2020-02-26,MOD17A2H,PsnNet_500m,,,,,,,,169,0,0.00
A2020065,2020-03-05,MOD17A2H,PsnNet_500m,,,,,,,,169,0,0.00
A2020073,2020-03-13,MOD17A2H,PsnNet_500m,0.0000,0.0000,0.0000,0.0000,0.0000,0.0000,0.0000,169,26,15.38
A2020081,2020-03-21,MOD17A2H,PsnNet_500m,,,,,,,,169,0,0.00
A2020089,2020-03-29,MOD17A2H,PsnNet_500m,0.0000,0.0000,0.0000,0.0000,0.0000,0.0000,0.0000,169,18,10.65
A2020097,2020-04-06,MOD17A2H,PsnNet_500m,0.0000,0.0000,0.0000,0.0000,0.0000,0.0000,0.0000,169,6,3.55
A2020105,2020-04-14,MOD17A2H,PsnNet_500m,0.0002,0.0002,0.0004,0.0000,0.0002,0.0000,0.0000,169,2,1.18
A2020113,2020-04-22,MOD17A2H,PsnNet_500m,0.0000,0.0000,0.0000,0.0000,0.0000,0.0000,0.0000,169,1,0.59
A2020121,2020-04-30,MOD17A2H,PsnNet_500m,0.0001,0.0001,0.0006,0.0000,0.0001,0.0000,0.0000,169,6,3.55
A2020129,2020-05-08,MOD17A2H,PsnNet_500m,0.0000,0.0018,0.0565,0.0018,0.0010,0.0000,0.0005,169,59,34.91
A2020137,2020-05-16,MOD17A2H,PsnNet_500m,0.0000,0.0049,0.2518,0.0049,0.0027,0.0000,0.0012,169,94,55.62
A2020145,2020-05-24,MOD17A2H,PsnNet_500m,0.0000,0.0286,3.1741,0.0286,0.0189,0.0000,0.0052,169,168,99.41
A2020153,2020-06-01,MOD17A2H,PsnNet_500m,0.0000,0.0313,3.4790,0.0313,0.0207,0.0000,0.0056,169,168,99.41
A2020161,2020-06-09,MOD17A2H,PsnNet_500m,0.0000,0.0593,5.6921,0.0593,0.0339,0.0001,0.0100,169,168,99.41
A2020169,2020-06-17,MOD17A2H,PsnNet_500m,0.0000,0.0426,3.6990,0.0426,0.0220,0.0001,0.0073,169,168,99.41
A2020177,2020-06-25,MOD17A2H,PsnNet_500m,0.0000,0.0515,5.2372,0.0515,0.0312,0.0001,0.0086,169,168,99.41
A2020185,2020-07-03,MOD17A2H,PsnNet_500m,0.0000,0.0289,2.8675,0.0289,0.0171,0.0000,0.0045,169,168,99.41
A2020193,2020-07-11,MOD17A2H,PsnNet_500m,0.0000,0.0460,4.7270,0.0460,0.0281,0.0001,0.0097,169,168,99.41
A2020201,2020-07-19,MOD17A2H,PsnNet_500m,0.0000,0.0450,5.0225,0.0450,0.0299,0.0001,0.0074,169,168,99.41
A2020209,2020-07-27,MOD17A2H,PsnNet_500m,0.0000,0.0528,5.1531,0.0528,0.0307,0.0001,0.0103,169,168,99.41
A2020217,2020-08-04,MOD17A2H,PsnNet_500m,0.0000,0.0307,1.5127,0.0307,0.0102,0.0001,0.0085,169,148,87.57
A2020225,2020-08-12,MOD17A2H,PsnNet_500m,0.0000,0.0332,3.5846,0.0332,0.0213,0.0000,0.0054,169,168,99.41
A2020233,2020-08-20,MOD17A2H,PsnNet_500m,0.0000,0.0392,3.9581,0.0392,0.0236,0.0000,0.0063,169,168,99.41
A2020241,2020-08-28,MOD17A2H,PsnNet_500m,0.0000,0.0170,1.8791,0.0170,0.0112,0.0000,0.0028,169,168,99.41
A2020249,2020-09-05,MOD17A2H,PsnNet_500m,0.0000,0.0081,0.8539,0.0081,0.0051,0.0000,0.0014,169,168,99.41
A2020257,2020-09-13,MOD17A2H,PsnNet_500m,0.0000,0.0099,0.7679,0.0099,0.0046,0.0000,0.0016,169,168,99.41
A2020265,2020-09-21,MOD17A2H,PsnNet_500m,0.0000,0.0028,0.2082,0.0028,0.0013,0.0000,0.0006,169,165,97.63
A2020273,2020-09-29,MOD17A2H,PsnNet_500m,,,,,,,,169,0,0.00
A2020281,2020-10-07,MOD17A2H,PsnNet_500m,,,,,,,,169,0,0.00
A2020289,2020-10-15,MOD17A2H,PsnNet_500m,,,,,,,,169,0,0.00
A2020297,2020-10-23,MOD17A2H,PsnNet_500m,,,,,,,,169,0,0.00
A2020305,2020-10-31,MOD17A2H,PsnNet_500m,,,,,,,,169,0,0.00
A2020313,2020-11-08,MOD17A2H,PsnNet_500m,,,,,,,,169,0,0.00
A2020321,2020-11-16,MOD17A2H,PsnNet_500m,,,,,,,,169,0,0.00
A2020329,2020-11-24,MOD17A2H,PsnNet_500m,,,,,,,,169,0,0.00
A2020337,2020-12-02,MOD17A2H,PsnNet_500m,,,,,,,,169,0,0.00
A2020345,2020-12-10,MOD17A2H,PsnNet_500m,,,,,,,,169,0,0.00
A2020353,2020-12-18,MOD17A2H,PsnNet_500m,,,,,,,,169,0,0.00
A2020361,2020-12-26,MOD17A2H,PsnNet_500m,,,,,,,,169,0,0.00
A2021001,2021-01-01,MOD17A2H,PsnNet_500m,,,,,,,,169,0,0.00
A2021009,2021-01-09,MOD17A2H,PsnNet_500m,,,,,,,,169,0,0.00
A2021017,2021-01-17,MOD17A2H,PsnNet_500m,,,,,,,,169,0,0.00
A2021025,2021-01-25,MOD17A2H,PsnNet_500m,,,,,,,,169,0,0.00
A2021033,2021-02-02,MOD17A2H,PsnNet_500m,,,,,,,,169,0,0.00
A2021041,2021-02-10,MOD17A2H,PsnNet_500m,,,,,,,,169,0,0.00
A2021049,2021-02-18,MOD17A2H,PsnNet_500m,,,,,,,,169,0,0.00
A2021057,2021-02-26,MOD17A2H,PsnNet_500m,,,,,,,,169,0,0.00
A2021065,2021-03-06,MOD17A2H,PsnNet_500m,,,,,,,,169,0,0.00
A2021073,2021-03-14,MOD17A2H,PsnNet_500m,0.0000,0.0000,0.0000,0.0000,0.0000,0.0000,0.0000,169,43,25.44
A2021081,2021-03-22,MOD17A2H,PsnNet_500m,0.0000,0.0000,0.0000,0.0000,0.0000,0.0000,0.0000,169,37,21.89
A2021089,2021-03-30,MOD17A2H,PsnNet_500m,0.0000,0.0000,0.0000,0.0000,0.0000,0.0000,0.0000,169,5,2.96
A2021097,2021-04-07,MOD17A2H,PsnNet_500m,0.0000,0.0001,0.0002,0.0001,0.0000,0.0000,0.0000,169,9,5.33
A2021105,2021-04-15,MOD17A2H,PsnNet_500m,0.0000,0.0008,0.0155,0.0008,0.0003,0.0000,0.0002,169,51,30.18
A2021113,2021-04-23,MOD17A2H,PsnNet_500m,0.0000,0.0003,0.0124,0.0003,0.0002,0.0000,0.0001,169,78,46.15
A2021121,2021-05-01,MOD17A2H,PsnNet_500m,0.0000,0.0010,0.0399,0.0010,0.0004,0.0000,0.0003,169,93,55.03
A2021129,2021-05-09,MOD17A2H,PsnNet_500m,0.0000,0.0103,0.5110,0.0103,0.0032,0.0000,0.0025,169,159,94.08
A2021137,2021-05-17,MOD17A2H,PsnNet_500m,0.0000,0.0199,2.1337,0.0199,0.0127,0.0000,0.0036,169,168,99.41
A2021145,2021-05-25,MOD17A2H,PsnNet_500m,0.0000,0.0129,1.2647,0.0129,0.0075,0.0000,0.0027,169,168,99.41
A2021153,2021-06-02,MOD17A2H,PsnNet_500m,0.0000,0.0237,2.4759,0.0237,0.0147,0.0000,0.0037,169,168,99.41
A2021161,2021-06-10,MOD17A2H,PsnNet_500m,0.0000,0.0480,4.5399,0.0480,0.0270,0.0001,0.0075,169,168,99.41
A2021169,2021-06-18,MOD17A2H,PsnNet_500m,0.0000,0.0712,7.1609,0.0712,0.0426,0.0001,0.0115,169,168,99.41
A2021177,2021-06-26,MOD17A2H,PsnNet_500m,0.0000,0.0668,6.8792,0.0668,0.0409,0.0001,0.0120,169,168,99.41
A2021185,2021-07-04,MOD17A2H,PsnNet_500m,0.0000,0.0612,6.3528,0.0612,0.0378,0.0001,0.0116,169,168,99.41
A2021193,2021-07-12,MOD17A2H,PsnNet_500m,0.0000,0.0547,5.9528,0.0547,0.0354,0.0001,0.0097,169,168,99.41
A2021201,2021-07-20,MOD17A2H,PsnNet_500m,0.0000,0.0500,5.0365,0.0500,0.0300,0.0001,0.0100,169,168,99.41
A2021209,2021-07-28,MOD17A2H,PsnNet_500m,0.0000,0.0469,4.8287,0.0469,0.0287,0.0001,0.0089,169,168,99.41
A2021217,2021-08-05,MOD17A2H,PsnNet_500m,0.0000,0.0331,3.3825,0.0331,0.0201,0.0000,0.0047,169,168,99.41
A2021225,2021-08-13,MOD17A2H,PsnNet_500m,0.0000,0.0265,2.9952,0.0265,0.0178,0.0000,0.0043,169,168,99.41
A2021233,2021-08-21,MOD17A2H,PsnNet_500m,0.0000,0.0163,1.4090,0.0163,0.0084,0.0000,0.0029,169,168,99.41
A2021241,2021-08-29,MOD17A2H,PsnNet_500m,0.0022,0.0025,0.0518,0.0003,0.0025,0.0000,0.0001,169,21,12.43
A2021249,2021-09-06,MOD17A2H,PsnNet_500m,0.0000,0.0093,1.0910,0.0093,0.0065,0.0000,0.0017,169,168,99.41
A2021257,2021-09-14,MOD17A2H,PsnNet_500m,0.0000,0.0079,0.8579,0.0079,0.0051,0.0000,0.0014,169,168,99.41
A2021265,2021-09-22,MOD17A2H,PsnNet_500m,0.0000,0.0009,0.0353,0.0009,0.0003,0.0000,0.0003,169,108,63.91
A2021273,2021-09-30,MOD17A2H,PsnNet_500m,,,,,,,,169,0,0.00
A2021281,2021-10-08,MOD17A2H,PsnNet_500m,,,,,,,,169,0,0.00
A2021289,2021-10-16,MOD17A2H,PsnNet_500m,,,,,,,,169,0,0.00
A2021297,2021-10-24,MOD17A2H,PsnNet_500m,,,,,,,,169,0,0.00
A2021305,2021-11-01,MOD17A2H,PsnNet_500m,,,,,,,,169,0,0.00
A2021313,2021-11-09,MOD17A2H,PsnNet_500m,,,,,,,,169,0,0.00
A2021321,2021-11-17,MOD17A2H,PsnNet_500m,,,,,,,,169,0,0.00
A2021329,2021-11-25,MOD17A2H,PsnNet_500m,,,,,,,,169,0,0.00
A2021337,2021-12-03,MOD17A2H,PsnNet_500m,,,,,,,,169,0,0.00
A2021345,2021-12-11,MOD17A2H,PsnNet_500m,,,,,,,,169,0,0.00
A2021353,2021-12-19,MOD17A2H,PsnNet_500m,,,,,,,,169,0,0.00
A2021361,2021-12-27,MOD17A2H,PsnNet_500m,,,,,,,,169,0,0.00
